Scenario, Experiment Name, Total Agents, # Distracted Agents, Simulation Time, Flow Rate, Average Agent Path Length, Average Agent Kinetic Energy Average, Average Agent Effort
Egress,No distraction,50,0,35.64264,1.402814,17.91964,0.5258463,71.04729
Egress,No distraction,50,0,40.23235,1.242781,17.27409,0.4597106,77.31146
Egress,No distraction,50,0,34.33168,1.456381,16.9159,0.5036755,70.21367
Egress,No distraction,50,0,35.02511,1.427547,18.36431,0.5271053,75.42978
Egress,No distraction,50,0,42.99356,1.162965,17.85694,0.4352416,81.58963
Egress,No distraction,50,0,32.54327,1.536416,17.1081,0.5273577,69.38324
Egress,No distraction,50,0,38.19629,1.309028,17.77215,0.4643193,78.73161
Egress,No distraction,50,0,31.93744,1.565561,17.41044,0.5258286,70.45293
Egress,No distraction,50,0,34.75162,1.438782,17.54771,0.523502,73.02563
Egress,No distraction,50,0,33.60248,1.487985,17.78313,0.5258579,72.39831
Egress,No distraction,50,0,38.77786,1.289395,18.29414,0.5208248,75.91937
Egress,No distraction,50,0,33.79117,1.479677,17.9065,0.5347191,72.13078
Egress,No distraction,50,0,29.71442,1.682685,17.61005,0.5760832,68.40787
Egress,No distraction,50,0,35.26389,1.417881,17.86446,0.506777,74.61633
Egress,No distraction,50,0,33.46338,1.494171,17.8599,0.5412439,69.94462
Egress,No distraction,50,0,34.37543,1.454527,17.75139,0.5008342,73.44459
Egress,No distraction,50,0,34.27045,1.458983,18.04538,0.515471,72.82726
Egress,No distraction,50,0,35.7287,1.399435,17.66595,0.4693336,73.89072
Egress,No distraction,50,0,36.90668,1.354768,17.55102,0.4967902,73.64622
Egress,No distraction,50,0,34.04315,1.468724,17.67571,0.4786681,74.23388
Egress,Walk and Text,50,1,36.31939,1.376675,17.24454,0.4890181,70.27395
Egress,Walk and Text,50,1,33.8442,1.477358,17.26929,0.480359,72.36872
Egress,Walk and Text,50,1,32.2944,1.548256,18.02955,0.5275185,72.54535
Egress,Walk and Text,50,1,29.71204,1.68282,17.80146,0.5366665,70.70303
Egress,Walk and Text,50,1,38.30009,1.30548,18.11536,0.4724554,78.02364
Egress,Walk and Text,50,1,34.90211,1.432578,17.58709,0.470126,76.93027
Egress,Walk and Text,50,1,32.10632,1.557326,17.79887,0.5108472,71.39893
Egress,Walk and Text,50,1,32.09221,1.558011,16.99219,0.5100782,69.39034
Egress,Walk and Text,50,1,31.6763,1.578467,18.05628,0.5192406,72.1769
Egress,Walk and Text,50,1,37.43835,1.335529,18.24148,0.5081661,76.27132
Egress,Walk and Text,50,1,34.42453,1.452453,18.33896,0.5266455,74.70418
Egress,Walk and Text,50,1,33.11545,1.509869,17.71901,0.486492,73.79351
Egress,Walk and Text,50,1,33.62091,1.48717,18.02199,0.483857,74.03677
Egress,Walk and Text,50,1,34.45691,1.451088,17.91152,0.4644667,76.7318
Egress,Walk and Text,50,1,32.57617,1.534864,18.00059,0.5373149,71.28482
Egress,Walk and Text,50,1,32.10529,1.557376,17.31933,0.5152482,70.1002
Egress,Walk and Text,50,1,36.37225,1.374674,17.54384,0.503333,74.5392
Egress,Walk and Text,50,1,35.56879,1.405727,17.8007,0.4934477,74.992
Egress,Walk and Text,50,1,34.35498,1.455393,18.76426,0.5383419,74.76839
Egress,Walk and Text,50,1,31.46191,1.589223,17.31352,0.5324819,69.40067
Egress,Walk and Text,50,2,39.47226,1.266712,18.10729,0.489002,75.02648
Egress,Walk and Text,50,2,33.3534,1.499097,17.54843,0.5178173,71.81957
Egress,Walk and Text,50,2,34.96317,1.430076,17.96207,0.5346949,73.1033
Egress,Walk and Text,50,2,36.48179,1.370547,17.46227,0.4775082,76.3596
Egress,Walk and Text,50,2,32.30722,1.547642,17.65234,0.545763,71.3
Egress,Walk and Text,50,2,34.38756,1.454014,17.55164,0.5226609,72.23479
Egress,Walk and Text,50,2,32.93214,1.518273,17.47108,0.4890053,73.45896
Egress,Walk and Text,50,2,33.79207,1.479637,17.56893,0.5240303,70.68911
Egress,Walk and Text,50,2,36.63123,1.364956,17.54161,0.5012176,72.11632
Egress,Walk and Text,50,2,32.84494,1.522305,17.29528,0.5031573,71.17796
Egress,Walk and Text,50,2,33.73703,1.482051,17.85187,0.5057917,73.14491
Egress,Walk and Text,50,2,32.12827,1.556262,18.10861,0.5109814,73.13902
Egress,Walk and Text,50,2,37.67221,1.327238,18.32739,0.5225046,76.64236
Egress,Walk and Text,50,2,30.29312,1.65054,17.68182,0.5353642,69.41342
Egress,Walk and Text,50,2,37.50372,1.333201,17.67366,0.4522652,77.20472
Egress,Walk and Text,50,2,30.5921,1.634409,17.62731,0.5497226,69.92693
Egress,Walk and Text,50,2,34.38452,1.454143,18.2377,0.5399004,72.383
Egress,Walk and Text,50,2,34.53937,1.447623,17.56562,0.5142497,71.49442
Egress,Walk and Text,50,2,40.13348,1.245842,18.02019,0.4768125,77.81964
Egress,Walk and Text,50,2,35.67035,1.401724,18.28228,0.4833954,76.89721
Egress,Walk and Text,50,5,41.68431,1.199492,17.33541,0.4754146,71.77697
Egress,Walk and Text,50,5,35.43723,1.410945,18.00383,0.48509,75.20866
Egress,Walk and Text,50,5,34.42847,1.452287,17.35042,0.5016668,70.71641
Egress,Walk and Text,50,5,37.47756,1.334132,17.5949,0.4789476,74.4117
Egress,Walk and Text,50,5,34.78319,1.437476,17.71276,0.4922132,73.37314
Egress,Walk and Text,50,5,35.51836,1.407723,17.58949,0.5009458,71.78886
Egress,Walk and Text,50,5,30.60875,1.63352,17.62152,0.5379722,69.47205
Egress,Walk and Text,50,5,37.42612,1.335966,17.83848,0.4826699,76.48331
Egress,Walk and Text,50,5,35.78113,1.397385,17.81115,0.4806717,75.00356
Egress,Walk and Text,50,5,33.28735,1.502072,17.97206,0.4995257,74.40073
Egress,Walk and Text,50,5,35.7511,1.398558,17.71207,0.4734021,75.3673
Egress,Walk and Text,50,5,33.49121,1.492929,17.37017,0.4877714,71.09798
Egress,Walk and Text,50,5,34.18738,1.462528,17.37225,0.5167093,70.97669
Egress,Walk and Text,50,5,36.9332,1.353796,17.50827,0.4590907,77.25661
Egress,Walk and Text,50,5,35.26813,1.417711,17.58142,0.4716498,73.84994
Egress,Walk and Text,50,5,32.6676,1.530568,17.74489,0.4982139,72.03867
Egress,Walk and Text,50,5,29.6781,1.684744,17.60994,0.5321805,68.44479
Egress,Walk and Text,50,5,31.80334,1.572162,18.32167,0.5506231,71.87449
Egress,Walk and Text,50,5,36.26691,1.378667,18.04077,0.4612601,77.52458
Egress,Walk and Text,50,5,31.62933,1.580811,17.92982,0.5110079,72.09182
Egress,Walk and Text,50,10,41.17876,1.214218,17.60399,0.4476186,75.29929
Egress,Walk and Text,50,10,38.58949,1.29569,17.9218,0.468899,76.32658
Egress,Walk and Text,50,10,34.72764,1.439775,17.68309,0.5083616,71.0328
Egress,Walk and Text,50,10,30.65341,1.63114,16.91138,0.4978641,68.12059
Egress,Walk and Text,50,10,30.14369,1.658722,18.06507,0.5337131,70.22178
Egress,Walk and Text,50,10,31.41779,1.591455,17.94331,0.5254453,70.78333
Egress,Walk and Text,50,10,35.62531,1.403497,17.64457,0.4818702,73.87654
Egress,Walk and Text,50,10,39.04655,1.280523,17.7527,0.458427,76.66447
Egress,Walk and Text,50,10,35.49438,1.408674,17.8312,0.4858885,74.36549
Egress,Walk and Text,50,10,35.21747,1.41975,18.05836,0.5259705,72.49908
Egress,Walk and Text,50,10,32.03357,1.560863,18.10629,0.5156966,71.85911
Egress,Walk and Text,50,10,36.17676,1.382103,18.19132,0.5118339,74.59045
Egress,Walk and Text,50,10,38.44202,1.30066,17.86274,0.4803312,76.14605
Egress,Walk and Text,50,10,38.68503,1.29249,17.62853,0.4671407,75.44355
Egress,Walk and Text,50,10,32.28171,1.548865,17.60885,0.5016046,70.73825
Egress,Walk and Text,50,10,33.39398,1.497276,17.3564,0.4879803,71.18375
Egress,Walk and Text,50,10,32.23029,1.551336,17.19862,0.4963426,69.89634
Egress,Walk and Text,50,10,33.7074,1.483354,17.50671,0.4585586,73.71037
Egress,Walk and Text,50,10,33.57843,1.489051,17.96057,0.4913841,73.75508
Egress,Walk and Text,50,10,35.94464,1.391028,17.49132,0.4733686,73.10605
Egress,Walk and Text,50,20,39.26446,1.273416,17.67652,0.465331,72.09618
Egress,Walk and Text,50,20,32.82145,1.523394,18.15715,0.4729337,72.4471
Egress,Walk and Text,50,20,36.09489,1.385237,17.45927,0.4542698,73.79153
Egress,Walk and Text,50,20,37.91569,1.318715,17.47639,0.4068931,77.17228
Egress,Walk and Text,50,20,34.75351,1.438704,18.2061,0.4731057,74.51978
Egress,Walk and Text,50,20,33.05048,1.512838,17.71282,0.4798949,72.43275
Egress,Walk and Text,50,20,33.284,1.502223,17.53919,0.4584109,71.76603
Egress,Walk and Text,50,20,30.45438,1.6418,16.93082,0.4864612,66.51755
Egress,Walk and Text,50,20,33.10245,1.510462,17.70144,0.5078428,70.21296
Egress,Walk and Text,50,20,38.62665,1.294443,18.42087,0.4830231,76.257
Egress,Walk and Text,50,20,35.88156,1.393473,17.72906,0.4588014,72.92278
Egress,Walk and Text,50,20,35.78586,1.3972,17.93304,0.4315585,75.09777
Egress,Walk and Text,50,20,35.57214,1.405594,18.18042,0.4605732,74.04982
Egress,Walk and Text,50,20,35.64087,1.402884,17.8434,0.4577225,74.70186
Egress,Walk and Text,50,20,37.03506,1.350072,18.2952,0.5010729,73.57228
Egress,Walk and Text,50,20,36.86377,1.356345,18.1101,0.475802,74.33728
Egress,Walk and Text,50,20,30.76062,1.625455,17.96134,0.4816397,70.74551
Egress,Walk and Text,50,20,34.79706,1.436903,17.63589,0.4956101,70.17341
Egress,Walk and Text,50,20,35.16547,1.421849,17.48189,0.4706712,71.94037
Egress,Walk and Text,50,20,35.44806,1.410514,17.55014,0.4609936,72.72441
Egress,Walk and Text,50,30,41.21034,1.213288,17.41267,0.4102451,72.40009
Egress,Walk and Text,50,30,33.99705,1.470716,18.12614,0.4653066,72.35841
Egress,Walk and Text,50,30,36.64878,1.364302,17.78912,0.4328393,73.39119
Egress,Walk and Text,50,30,35.43436,1.41106,17.62918,0.4219025,75.44924
Egress,Walk and Text,50,30,35.89008,1.393143,17.94355,0.4478256,73.77637
Egress,Walk and Text,50,30,34.22993,1.46071,17.75874,0.465021,71.64941
Egress,Walk and Text,50,30,35.87076,1.393893,17.94173,0.4622815,72.82695
Egress,Walk and Text,50,30,35.07274,1.425609,18.29688,0.4384304,75.8765
Egress,Walk and Text,50,30,34.28363,1.458422,18.03103,0.4666128,72.06569
Egress,Walk and Text,50,30,38.88016,1.286003,17.94044,0.4303458,76.31802
Egress,Walk and Text,50,30,33.08688,1.511173,17.56405,0.4539663,70.49115
Egress,Walk and Text,50,30,35.30338,1.416295,17.80165,0.455289,72.60696
Egress,Walk and Text,50,30,34.53082,1.447982,17.64362,0.4613498,70.8351
Egress,Walk and Text,50,30,34.42761,1.452323,17.74285,0.4790142,71.09663
Egress,Walk and Text,50,30,31.12128,1.606618,17.55652,0.4812055,68.76621
Egress,Walk and Text,50,30,34.99603,1.428733,17.71974,0.4374497,73.00471
Egress,Walk and Text,50,30,36.50397,1.369714,17.87084,0.4342642,74.54994
Egress,Walk and Text,50,30,32.70984,1.528592,17.87698,0.4382094,72.09619
Egress,Walk and Text,50,30,37.43079,1.335799,17.65524,0.4127019,75.02649
Egress,Walk and Text,50,30,34.7381,1.439342,17.83068,0.4678887,72.50566
Egress,Walk and Text,50,40,35.97807,1.389735,17.95495,0.4578731,69.78844
Egress,Walk and Text,50,40,32.45613,1.540541,17.86958,0.4483418,71.35321
Egress,Walk and Text,50,40,35.29334,1.416698,17.67914,0.4273959,72.76236
Egress,Walk and Text,50,40,34.29525,1.457928,17.77098,0.4523671,70.42432
Egress,Walk and Text,50,40,36.57588,1.367021,18.43994,0.4382629,75.11272
Egress,Walk and Text,50,40,34.37987,1.45434,18.01242,0.4510336,72.3644
Egress,Walk and Text,50,40,35.43716,1.410948,17.48763,0.4046358,73.78638
Egress,Walk and Text,50,40,35.54205,1.406784,18.17829,0.4484941,73.15147
Egress,Walk and Text,50,40,34.8898,1.433084,17.43626,0.4121746,72.60211
Egress,Walk and Text,50,40,34.25739,1.459539,17.18627,0.3955688,72.53835
Egress,Walk and Text,50,40,33.01044,1.514673,16.9038,0.4142729,69.84093
Egress,Walk and Text,50,40,33.23117,1.504611,18.13499,0.4625803,72.3671
Egress,Walk and Text,50,40,35.80258,1.396547,18.09246,0.4292477,74.04732
Egress,Walk and Text,50,40,42.87137,1.16628,18.10077,0.4004402,79.88163
Egress,Walk and Text,50,40,37.37048,1.337954,17.75612,0.4074067,75.46098
Egress,Walk and Text,50,40,36.7135,1.361897,17.45663,0.4161276,73.5107
Egress,Walk and Text,50,40,34.33698,1.456156,18.41165,0.4338183,74.75668
Egress,Walk and Text,50,40,35.8949,1.392956,17.85082,0.4653502,71.42918
Egress,Walk and Text,50,40,39.44196,1.267686,17.81877,0.4008172,76.54086
Egress,Walk and Text,50,40,33.5509,1.490273,17.86298,0.4418075,71.78391
Egress,Walk and Text,50,50,38.03105,1.314715,18.01979,0.4258959,72.03831
Egress,Walk and Text,50,50,35.33076,1.415197,18.461,0.437926,73.83421
Egress,Walk and Text,50,50,33.42628,1.495829,17.66119,0.426295,71.1785
Egress,Walk and Text,50,50,33.12539,1.509416,17.37611,0.4387672,68.64217
Egress,Walk and Text,50,50,34.00246,1.470482,17.12366,0.4357263,67.99424
Egress,Walk and Text,50,50,33.22159,1.505045,17.53668,0.433984,70.30299
Egress,Walk and Text,50,50,34.44711,1.4515,17.58709,0.4285735,70.41894
Egress,Walk and Text,50,50,33.83015,1.477971,17.93562,0.4202551,72.61587
Egress,Walk and Text,50,50,33.40128,1.496949,18.1698,0.4480298,71.49889
Egress,Walk and Text,50,50,35.67953,1.401364,17.56884,0.4188069,72.08777
Egress,Walk and Text,50,50,33.13962,1.508768,17.68683,0.4476118,69.18082
Egress,Walk and Text,50,50,37.84531,1.321168,18.13839,0.4087668,75.27225
Egress,Walk and Text,50,50,35.31046,1.416011,18.08643,0.4260836,72.57177
Egress,Walk and Text,50,50,34.67624,1.44191,17.93079,0.4316484,72.19168
Egress,Walk and Text,50,50,37.61426,1.329283,17.77651,0.4078319,74.22166
Egress,Walk and Text,50,50,34.47333,1.450397,18.30421,0.4337797,73.11538
Egress,Walk and Text,50,50,37.01556,1.350783,17.27652,0.3971757,72.83818
Egress,Walk and Text,50,50,35.98651,1.38941,17.60803,0.4303533,71.30601
Egress,Walk and Text,50,50,35.79736,1.396751,17.47314,0.4006886,72.47831
Egress,Walk and Text,50,50,34.43573,1.45198,18.32088,0.436842,72.69823
Egress,Walk and Talk,50,1,38.18607,1.309378,17.88703,0.5341009,71.74654
Egress,Walk and Talk,50,1,35.49258,1.408745,17.2359,0.4705232,72.90463
Egress,Walk and Talk,50,1,34.04799,1.468516,17.88312,0.5245956,72.22089
Egress,Walk and Talk,50,1,30.66335,1.630611,17.43517,0.5543131,68.40437
Egress,Walk and Talk,50,1,33.02231,1.514128,17.44797,0.5098574,70.71313
Egress,Walk and Talk,50,1,39.47878,1.266503,17.86865,0.4407099,80.41588
Egress,Walk and Talk,50,1,30.07845,1.66232,17.27557,0.5481055,68.12447
Egress,Walk and Talk,50,1,34.27467,1.458803,17.69382,0.5276358,71.15987
Egress,Walk and Talk,50,1,37.46527,1.334569,17.85444,0.4956685,76.72965
Egress,Walk and Talk,50,1,33.97635,1.471612,18.17954,0.5326862,73.16888
Egress,Walk and Talk,50,1,36.90506,1.354828,17.38825,0.5196476,73.40052
Egress,Walk and Talk,50,1,35.87332,1.393793,17.80091,0.5120147,74.45582
Egress,Walk and Talk,50,1,38.63965,1.294008,17.16986,0.4826006,73.75272
Egress,Walk and Talk,50,1,33.79086,1.47969,17.84633,0.5051033,73.68313
Egress,Walk and Talk,50,1,35.27881,1.417281,17.31536,0.4848141,72.69016
Egress,Walk and Talk,50,1,37.54443,1.331755,17.7761,0.5074692,75.18087
Egress,Walk and Talk,50,1,33.90985,1.474498,17.50704,0.486371,73.42171
Egress,Walk and Talk,50,1,36.185,1.381788,18.44824,0.4643732,78.9456
Egress,Walk and Talk,50,1,34.91113,1.432208,17.12156,0.494816,71.31161
Egress,Walk and Talk,50,1,38.15076,1.31059,17.69259,0.4652708,77.18902
Egress,Walk and Talk,50,2,37.30227,1.340401,17.79122,0.5015152,72.10421
Egress,Walk and Talk,50,2,34.24393,1.460113,17.08862,0.4647901,73.73758
Egress,Walk and Talk,50,2,37.80298,1.322647,17.45336,0.4464134,77.10027
Egress,Walk and Talk,50,2,34.30502,1.457513,17.961,0.4847512,76.2139
Egress,Walk and Talk,50,2,34.10519,1.466052,18.07098,0.5197013,73.35976
Egress,Walk and Talk,50,2,33.89357,1.475206,17.56201,0.4754156,74.81228
Egress,Walk and Talk,50,2,35.27164,1.41757,17.54607,0.4989329,73.35268
Egress,Walk and Talk,50,2,34.1077,1.465945,18.21912,0.5273807,73.4119
Egress,Walk and Talk,50,2,34.22302,1.461005,18.13872,0.507263,74.1874
Egress,Walk and Talk,50,2,35.32803,1.415307,17.48409,0.4923883,74.2139
Egress,Walk and Talk,50,2,34.43585,1.451975,18.10765,0.5148186,74.17769
Egress,Walk and Talk,50,2,33.19412,1.506291,17.57183,0.4947616,72.77099
Egress,Walk and Talk,50,2,35.05399,1.426371,17.12125,0.469829,72.8463
Egress,Walk and Talk,50,2,37.05197,1.349456,17.99682,0.5067078,77.03152
Egress,Walk and Talk,50,2,32.38544,1.543904,17.33494,0.5186481,70.18265
Egress,Walk and Talk,50,2,32.10327,1.557474,16.92487,0.5059965,69.58546
Egress,Walk and Talk,50,2,37.09167,1.348011,18.21172,0.5285784,75.27865
Egress,Walk and Talk,50,2,35.16901,1.421706,17.31832,0.4898106,73.63435
Egress,Walk and Talk,50,2,35.63354,1.403172,17.60847,0.5134134,72.67974
Egress,Walk and Talk,50,2,34.53827,1.44767,17.43309,0.4838351,73.80663
Egress,Walk and Talk,50,5,39.28123,1.272872,18.32744,0.4898493,75.19754
Egress,Walk and Talk,50,5,35.58231,1.405192,17.95988,0.5113454,73.06402
Egress,Walk and Talk,50,5,35.69373,1.400806,17.49714,0.4730727,74.52805
Egress,Walk and Talk,50,5,41.56585,1.202911,16.57046,0.4386005,73.62106
Egress,Walk and Talk,50,5,32.99339,1.515455,17.56423,0.4999577,71.80862
Egress,Walk and Talk,50,5,38.31982,1.304808,17.85502,0.4948432,74.58025
Egress,Walk and Talk,50,5,34.44714,1.451499,18.04686,0.5229671,73.23948
Egress,Walk and Talk,50,5,40.21863,1.243205,18.14264,0.4682148,79.97755
Egress,Walk and Talk,50,5,36.3717,1.374695,17.55308,0.5075281,74.2124
Egress,Walk and Talk,50,5,33.04358,1.513153,17.50168,0.5099841,71.1798
Egress,Walk and Talk,50,5,34.82355,1.43581,17.50528,0.4967939,72.41779
Egress,Walk and Talk,50,5,33.24054,1.504187,17.87691,0.5232359,71.23888
Egress,Walk and Talk,50,5,38.19629,1.309028,17.79537,0.4504528,78.10247
Egress,Walk and Talk,50,5,33.60471,1.487887,17.57556,0.5122932,71.57014
Egress,Walk and Talk,50,5,36.08298,1.385695,17.46449,0.4823479,73.58633
Egress,Walk and Talk,50,5,35.18628,1.421008,17.27786,0.4896039,71.76736
Egress,Walk and Talk,50,5,33.84363,1.477383,17.56291,0.4715837,74.5989
Egress,Walk and Talk,50,5,32.64728,1.531521,17.54915,0.5069575,70.25451
Egress,Walk and Talk,50,5,36.18402,1.381825,18.17363,0.504806,73.82075
Egress,Walk and Talk,50,5,36.38794,1.374082,17.48835,0.4803987,73.94302
Egress,Walk and Talk,50,10,35.3229,1.415512,17.37206,0.5002356,67.93885
Egress,Walk and Talk,50,10,36.17843,1.382039,17.07355,0.4494416,72.16921
Egress,Walk and Talk,50,10,39.46659,1.266894,17.58645,0.4782847,73.53979
Egress,Walk and Talk,50,10,39.56326,1.263799,17.44992,0.5004249,72.4241
Egress,Walk and Talk,50,10,36.97206,1.352373,17.46321,0.4607498,73.35268
Egress,Walk and Talk,50,10,31.31458,1.596701,18.01668,0.4993795,71.99933
Egress,Walk and Talk,50,10,36.69162,1.362709,18.40631,0.5055636,74.77132
Egress,Walk and Talk,50,10,41.60826,1.201684,17.83492,0.4492012,77.60056
Egress,Walk and Talk,50,10,37.50961,1.332992,17.82297,0.4611488,75.91925
Egress,Walk and Talk,50,10,33.30429,1.501308,17.59328,0.4929965,70.23292
Egress,Walk and Talk,50,10,35.517,1.407777,17.63875,0.4481512,74.57154
Egress,Walk and Talk,50,10,37.17517,1.344984,17.68771,0.4572939,75.01893
Egress,Walk and Talk,50,10,36.20248,1.381121,17.89627,0.4795615,74.18714
Egress,Walk and Talk,50,10,44.12607,1.133117,17.63804,0.4101346,80.46018
Egress,Walk and Talk,50,10,37.41809,1.336252,17.47089,0.4644199,74.61844
Egress,Walk and Talk,50,10,34.4021,1.4534,18.16982,0.4795007,74.97803
Egress,Walk and Talk,50,10,34.8736,1.433749,17.90615,0.4965249,72.74377
Egress,Walk and Talk,50,10,37.5719,1.330782,17.21436,0.4616186,73.01813
Egress,Walk and Talk,50,10,34.35059,1.455579,17.66113,0.4734184,73.45635
Egress,Walk and Talk,50,10,39.0296,1.281079,17.24755,0.4550812,74.87677
Egress,Walk and Talk,50,20,41.24299,1.212327,17.85022,0.4339804,74.17068
Egress,Walk and Talk,50,20,43.44609,1.150851,17.80772,0.4375666,77.9095
Egress,Walk and Talk,50,20,42.42917,1.178435,18.3231,0.4085602,81.3566
Egress,Walk and Talk,50,20,46.02286,1.086417,18.12573,0.393519,81.94333
Egress,Walk and Talk,50,20,36.71289,1.361919,17.32182,0.4265898,73.57637
Egress,Walk and Talk,50,20,38.19218,1.309168,18.0619,0.45524,75.55353
Egress,Walk and Talk,50,20,37.64366,1.328245,17.34172,0.4306956,72.92954
Egress,Walk and Talk,50,20,34.78287,1.437489,17.42208,0.4471094,70.60688
Egress,Walk and Talk,50,20,36.01135,1.388451,17.89509,0.4674972,72.21895
Egress,Walk and Talk,50,20,37.30121,1.340439,17.60343,0.44411,74.91384
Egress,Walk and Talk,50,20,36.7583,1.360237,17.23757,0.4236531,72.96597
Egress,Walk and Talk,50,20,37.57736,1.330588,17.36995,0.4399617,73.28841
Egress,Walk and Talk,50,20,33.56027,1.489857,17.69024,0.5028094,70.00253
Egress,Walk and Talk,50,20,38.40192,1.302018,17.67208,0.4810813,72.04702
Egress,Walk and Talk,50,20,40.62231,1.230851,17.97918,0.4415867,75.87503
Egress,Walk and Talk,50,20,37.15588,1.345682,17.12201,0.4041188,74.69473
Egress,Walk and Talk,50,20,38.7016,1.291936,17.9311,0.4367526,76.21252
Egress,Walk and Talk,50,20,36.10925,1.384687,17.45372,0.4821097,70.44529
Egress,Walk and Talk,50,20,39.77527,1.257063,17.79643,0.4323498,76.20548
Egress,Walk and Talk,50,20,42.95654,1.163967,16.86112,0.4193923,76.24091
Egress,Walk and Talk,50,30,41.37539,1.208448,17.75112,0.4324202,72.75616
Egress,Walk and Talk,50,30,37.48499,1.333867,17.30688,0.4013219,72.44263
Egress,Walk and Talk,50,30,37.34498,1.338868,17.52544,0.4229309,72.82767
Egress,Walk and Talk,50,30,39.54912,1.264251,18.01657,0.4235189,74.72491
Egress,Walk and Talk,50,30,42.5139,1.176086,18.19644,0.3861677,80.13365
Egress,Walk and Talk,50,30,40.88495,1.222944,17.81318,0.4131793,75.83539
Egress,Walk and Talk,50,30,37.28174,1.341139,17.88192,0.4430524,74.33914
Egress,Walk and Talk,50,30,36.89771,1.355098,17.20487,0.4053187,72.72698
Egress,Walk and Talk,50,30,38.08511,1.312849,17.71215,0.4284003,72.90675
Egress,Walk and Talk,50,30,42.51849,1.175959,17.86882,0.3592956,82.13672
Egress,Walk and Talk,50,30,36.39481,1.373822,17.24623,0.4078403,73.06763
Egress,Walk and Talk,50,30,43.29544,1.154856,18.08393,0.4053832,79.13998
Egress,Walk and Talk,50,30,38.11987,1.311652,17.91103,0.4245376,74.06341
Egress,Walk and Talk,50,30,36.32498,1.376463,16.85142,0.4066291,70.78929
Egress,Walk and Talk,50,30,46.39429,1.077719,17.01283,0.3813144,75.8098
Egress,Walk and Talk,50,30,36.88501,1.355564,17.61721,0.4041401,73.22228
Egress,Walk and Talk,50,30,44.70001,1.118568,17.07313,0.3506709,82.41591
Egress,Walk and Talk,50,30,36.65393,1.36411,17.40143,0.4203815,71.7047
Egress,Walk and Talk,50,30,45.6391,1.095552,17.56299,0.3753747,81.60738
Egress,Walk and Talk,50,30,39.78174,1.256858,17.90464,0.423355,74.90243
Egress,Walk and Talk,50,40,43.29588,1.154844,17.35666,0.3887237,73.33635
Egress,Walk and Talk,50,40,41.4801,1.205397,18.06591,0.3483324,80.15066
Egress,Walk and Talk,50,40,39.20378,1.275387,17.7067,0.4093423,74.04307
Egress,Walk and Talk,50,40,36.81982,1.357964,17.53394,0.4015101,72.54556
Egress,Walk and Talk,50,40,37.52972,1.332277,17.55557,0.3873688,72.99081
Egress,Walk and Talk,50,40,40.50246,1.234493,18.04558,0.3976465,76.23057
Egress,Walk and Talk,50,40,35.32077,1.415598,17.40811,0.423755,69.35673
Egress,Walk and Talk,50,40,40.41364,1.237206,17.537,0.3755789,75.5849
Egress,Walk and Talk,50,40,45.8338,1.090898,17.68375,0.3679509,79.50391
Egress,Walk and Talk,50,40,39.77939,1.256932,17.15135,0.342419,75.7993
Egress,Walk and Talk,50,40,44.2153,1.13083,17.84571,0.3841955,80.04416
Egress,Walk and Talk,50,40,48.82144,1.02414,17.3571,0.3078932,85.69882
Egress,Walk and Talk,50,40,37.53043,1.332252,17.52984,0.3850303,74.08314
Egress,Walk and Talk,50,40,38.07275,1.313275,17.83074,0.410836,73.40918
Egress,Walk and Talk,50,40,40.97638,1.220215,17.51695,0.4055129,74.27847
Egress,Walk and Talk,50,40,38.28497,1.305995,17.47479,0.4057328,73.19698
Egress,Walk and Talk,50,40,43.02454,1.162128,18.34962,0.3639277,81.17023
Egress,Walk and Talk,50,40,37.42316,1.336071,18.22797,0.4106974,74.96988
Egress,Walk and Talk,50,40,45.27441,1.104377,17.64642,0.3434528,82.32744
Egress,Walk and Talk,50,40,39.03156,1.281015,17.21044,0.3867967,73.22472
Egress,Walk and Talk,50,50,54.47172,0.9179075,17.88962,0.2973164,87.92851
Egress,Walk and Talk,50,50,41.1494,1.215085,17.32651,0.3526939,74.93597
Egress,Walk and Talk,50,50,39.43827,1.267804,17.61418,0.330916,77.47542
Egress,Walk and Talk,50,50,41.51457,1.204396,16.90878,0.3475377,74.83727
Egress,Walk and Talk,50,50,39.30539,1.27209,18.28832,0.3751422,76.91548
Egress,Walk and Talk,50,50,40.52705,1.233744,17.76992,0.3980507,73.89345
Egress,Walk and Talk,50,50,42.07162,1.18845,17.99099,0.3586622,78.30989
Egress,Walk and Talk,50,50,42.75845,1.169359,17.80847,0.3360616,79.44287
Egress,Walk and Talk,50,50,40.88828,1.222844,17.75533,0.3503257,77.42061
Egress,Walk and Talk,50,50,40.82452,1.224754,17.11626,0.3546425,73.96114
Egress,Walk and Talk,50,50,38.25372,1.307062,17.7142,0.3779231,73.94096
Egress,Walk and Talk,50,50,45.8374,1.090812,17.88912,0.3289943,84.64725
Egress,Walk and Talk,50,50,38.37256,1.303015,17.63011,0.3930848,71.47821
Egress,Walk and Talk,50,50,41.49493,1.204966,18.09103,0.3604866,77.77213
Egress,Walk and Talk,50,50,37.71588,1.325701,16.83079,0.3795857,70.23389
Egress,Walk and Talk,50,50,42.58435,1.17414,17.72492,0.3469809,78.10508
Egress,Walk and Talk,50,50,42.41846,1.178732,17.98852,0.358659,78.86122
Egress,Walk and Talk,50,50,41.6131,1.201545,17.64781,0.3563523,77.03385
Egress,Walk and Talk,50,50,43.65082,1.145454,18.08483,0.3358331,81.79175
Egress,Walk and Talk,50,50,44.69159,1.118779,17.73512,0.3663439,78.14024
Egress,Walk and Read,50,1,40.58534,1.231972,18.39475,0.5038879,75.42117
Egress,Walk and Read,50,1,32.78742,1.524975,17.94283,0.5177382,72.03456
Egress,Walk and Read,50,1,32.4788,1.539466,17.99477,0.5289903,73.16877
Egress,Walk and Read,50,1,29.62092,1.687996,17.4652,0.5640495,67.74579
Egress,Walk and Read,50,1,33.28554,1.502154,17.79347,0.5353566,70.80316
Egress,Walk and Read,50,1,33.54495,1.490537,17.91778,0.5126029,72.48478
Egress,Walk and Read,50,1,37.90657,1.319033,17.53958,0.4795078,75.8124
Egress,Walk and Read,50,1,34.18262,1.462732,17.61615,0.5246184,74.10233
Egress,Walk and Read,50,1,32.66049,1.530902,17.62603,0.4991084,72.1552
Egress,Walk and Read,50,1,35.39493,1.412632,17.60131,0.4945443,74.36221
Egress,Walk and Read,50,1,34.48209,1.450028,17.65111,0.5113734,73.21107
Egress,Walk and Read,50,1,32.32773,1.54666,17.31466,0.5215597,70.24075
Egress,Walk and Read,50,1,33.93594,1.473364,18.85194,0.5354495,76.5701
Egress,Walk and Read,50,1,33.03516,1.513539,17.46828,0.4943513,72.18325
Egress,Walk and Read,50,1,32.33929,1.546107,17.31007,0.5085697,70.64908
Egress,Walk and Read,50,1,33.50125,1.492482,17.5832,0.5220687,70.50445
Egress,Walk and Read,50,1,35.80157,1.396587,16.90908,0.4997514,70.51637
Egress,Walk and Read,50,1,30.13336,1.65929,17.997,0.5681323,70.18488
Egress,Walk and Read,50,1,33.43903,1.495259,16.93609,0.5103662,69.94787
Egress,Walk and Read,50,1,34.69678,1.441056,17.88287,0.5140818,74.36819
Egress,Walk and Read,50,2,35.36005,1.414025,17.60184,0.5188316,69.96913
Egress,Walk and Read,50,2,33.27239,1.502747,17.61126,0.4975639,72.2243
Egress,Walk and Read,50,2,34.51954,1.448455,18.14973,0.5123265,74.65823
Egress,Walk and Read,50,2,32.89325,1.520069,17.63834,0.5281714,70.8753
Egress,Walk and Read,50,2,31.54187,1.585195,17.35981,0.5371299,69.5031
Egress,Walk and Read,50,2,33.86618,1.476399,17.18559,0.5103595,70.83385
Egress,Walk and Read,50,2,34.98907,1.429018,17.82539,0.5112996,73.29559
Egress,Walk and Read,50,2,31.40347,1.592181,17.83938,0.5280915,71.73947
Egress,Walk and Read,50,2,32.28717,1.548603,17.36503,0.4962759,72.01138
Egress,Walk and Read,50,2,35.63199,1.403234,17.2697,0.500743,72.64155
Egress,Walk and Read,50,2,30.28882,1.650774,17.88568,0.5430039,70.61926
Egress,Walk and Read,50,2,37.86063,1.320633,17.58976,0.4705177,75.77953
Egress,Walk and Read,50,2,36.73624,1.361054,17.40508,0.5087732,72.81044
Egress,Walk and Read,50,2,33.70718,1.483363,18.05943,0.4990218,74.34827
Egress,Walk and Read,50,2,33.18155,1.506862,18.00894,0.5481166,72.65996
Egress,Walk and Read,50,2,32.14828,1.555293,18.07295,0.5532256,71.67518
Egress,Walk and Read,50,2,40.59222,1.231763,18.24191,0.4403751,83.38017
Egress,Walk and Read,50,2,34.26727,1.459118,17.83829,0.4783635,74.47195
Egress,Walk and Read,50,2,35.80591,1.396418,17.57308,0.4889812,73.72311
Egress,Walk and Read,50,2,35.2572,1.41815,17.6783,0.463405,77.21965
Egress,Walk and Read,50,5,40.3252,1.239919,17.7953,0.4972552,73.77547
Egress,Walk and Read,50,5,41.02121,1.218881,18.24356,0.4091482,86.30518
Egress,Walk and Read,50,5,35.70406,1.400401,18.00434,0.5333087,72.66956
Egress,Walk and Read,50,5,34.67033,1.442155,17.37431,0.4435555,75.96046
Egress,Walk and Read,50,5,37.92944,1.318237,17.44061,0.4254103,79.05338
Egress,Walk and Read,50,5,32.32478,1.546801,17.37745,0.5033181,70.73082
Egress,Walk and Read,50,5,36.66585,1.363667,18.26585,0.4779317,77.43185
Egress,Walk and Read,50,5,34.46625,1.450695,17.3082,0.4818484,70.63667
Egress,Walk and Read,50,5,35.92596,1.391751,17.43214,0.4687981,75.64963
Egress,Walk and Read,50,5,31.86734,1.569005,17.73963,0.5460834,70.86809
Egress,Walk and Read,50,5,32.09439,1.557905,18.00944,0.5191155,72.5336
Egress,Walk and Read,50,5,35.92734,1.391698,18.32713,0.5258325,75.85041
Egress,Walk and Read,50,5,35.62134,1.403653,18.07849,0.5214226,74.02856
Egress,Walk and Read,50,5,36.10864,1.38471,17.29636,0.4655398,76.14512
Egress,Walk and Read,50,5,31.18106,1.603537,17.60229,0.5280123,70.59947
Egress,Walk and Read,50,5,38.22778,1.307949,18.43828,0.5047331,78.00949
Egress,Walk and Read,50,5,34.4624,1.450856,17.38285,0.4760001,74.20453
Egress,Walk and Read,50,5,32.84589,1.522261,17.7121,0.5332748,71.21648
Egress,Walk and Read,50,5,37.6402,1.328367,17.65286,0.4434314,79.36712
Egress,Walk and Read,50,5,35.09308,1.424782,18.30432,0.4825844,77.5467
Egress,Walk and Read,50,10,39.6046,1.26248,18.10736,0.5037615,72.96161
Egress,Walk and Read,50,10,31.79974,1.57234,17.14828,0.4762949,70.99408
Egress,Walk and Read,50,10,34.81439,1.436188,17.37588,0.4995714,71.73621
Egress,Walk and Read,50,10,35.68867,1.401005,17.61064,0.4886434,73.96621
Egress,Walk and Read,50,10,37.00554,1.351149,18.16514,0.505722,75.25679
Egress,Walk and Read,50,10,36.43408,1.372341,17.58084,0.4738741,76.03819
Egress,Walk and Read,50,10,36.10291,1.38493,17.68735,0.472704,75.33364
Egress,Walk and Read,50,10,37.27591,1.341349,17.46593,0.4981866,73.47391
Egress,Walk and Read,50,10,36.52533,1.368913,17.77287,0.4958027,74.65992
Egress,Walk and Read,50,10,32.7652,1.526009,17.89406,0.5562592,70.86166
Egress,Walk and Read,50,10,31.29044,1.597932,17.63544,0.5208347,69.62353
Egress,Walk and Read,50,10,32.54117,1.536515,17.84434,0.5303069,71.16991
Egress,Walk and Read,50,10,32.93976,1.517923,17.57963,0.5180136,70.8097
Egress,Walk and Read,50,10,33.38428,1.497711,17.95365,0.536369,71.81422
Egress,Walk and Read,50,10,31.37109,1.593824,18.03702,0.5183937,71.91676
Egress,Walk and Read,50,10,31.76721,1.57395,18.01711,0.5178538,72.20183
Egress,Walk and Read,50,10,32.0661,1.559279,17.77964,0.5104722,71.05486
Egress,Walk and Read,50,10,33.38837,1.497528,17.50966,0.4989676,71.93692
Egress,Walk and Read,50,10,36.20081,1.381185,17.18631,0.4926275,72.26012
Egress,Walk and Read,50,10,35.65948,1.402151,17.97551,0.5011458,74.31996
Egress,Walk and Read,50,20,41.53671,1.203755,17.82516,0.4859254,74.8608
Egress,Walk and Read,50,20,39.22059,1.27484,17.21541,0.4703027,75.05424
Egress,Walk and Read,50,20,36.62119,1.36533,18.6067,0.5277849,75.25172
Egress,Walk and Read,50,20,34.52584,1.448191,17.65631,0.5042723,72.07373
Egress,Walk and Read,50,20,35.70206,1.40048,18.20106,0.4774877,75.57953
Egress,Walk and Read,50,20,32.71886,1.528171,17.30128,0.5220262,68.82755
Egress,Walk and Read,50,20,35.0439,1.426782,17.23987,0.478218,72.17905
Egress,Walk and Read,50,20,30.54083,1.637152,17.66714,0.5210167,69.41221
Egress,Walk and Read,50,20,36.78802,1.359138,17.98316,0.4882743,74.58807
Egress,Walk and Read,50,20,33.54507,1.490532,17.83817,0.5239993,71.52581
Egress,Walk and Read,50,20,35.7316,1.399322,17.88925,0.4893236,74.67455
Egress,Walk and Read,50,20,33.86383,1.476502,17.37293,0.4928947,70.68428
Egress,Walk and Read,50,20,35.1337,1.423135,17.91205,0.5066275,73.82906
Egress,Walk and Read,50,20,31.32288,1.596277,18.07912,0.5338713,71.36398
Egress,Walk and Read,50,20,32.86404,1.52142,18.294,0.5250134,72.79651
Egress,Walk and Read,50,20,34.51477,1.448655,17.22152,0.4999631,70.75465
Egress,Walk and Read,50,20,31.84857,1.569929,17.9961,0.5392671,70.43467
Egress,Walk and Read,50,20,31.20575,1.602269,17.25065,0.5369963,68.28063
Egress,Walk and Read,50,20,34.35815,1.455259,17.58356,0.4972376,71.49538
Egress,Walk and Read,50,20,32.34174,1.54599,17.60427,0.5176833,69.24868
Egress,Walk and Read,50,30,37.51664,1.332742,17.8413,0.4749528,72.73939
Egress,Walk and Read,50,30,35.47042,1.409625,17.61236,0.5131692,70.89632
Egress,Walk and Read,50,30,37.64519,1.328191,17.80599,0.5129318,72.14064
Egress,Walk and Read,50,30,33.87505,1.476013,17.53614,0.4792136,71.82915
Egress,Walk and Read,50,30,35.72012,1.399771,18.36036,0.4763152,75.51126
Egress,Walk and Read,50,30,36.80106,1.358657,18.50573,0.4891179,77.24836
Egress,Walk and Read,50,30,37.93118,1.318177,17.70744,0.5021077,73.20243
Egress,Walk and Read,50,30,30.8063,1.623044,17.72936,0.5505271,68.58839
Egress,Walk and Read,50,30,34.31424,1.457121,17.57505,0.503442,71.71391
Egress,Walk and Read,50,30,33.1329,1.509074,18.10353,0.5232189,72.80157
Egress,Walk and Read,50,30,35.64496,1.402723,17.56731,0.4631389,74.13267
Egress,Walk and Read,50,30,36.15076,1.383097,17.62775,0.4884194,73.5931
Egress,Walk and Read,50,30,32.68997,1.529521,17.60303,0.5045116,70.59722
Egress,Walk and Read,50,30,36.49561,1.370028,18.07508,0.4633586,76.08166
Egress,Walk and Read,50,30,35.37512,1.413423,17.47466,0.4854749,72.66032
Egress,Walk and Read,50,30,33.07471,1.511729,17.36467,0.5155185,69.69631
Egress,Walk and Read,50,30,31.93134,1.56586,17.22411,0.4833547,69.53482
Egress,Walk and Read,50,30,33.3595,1.498824,17.34408,0.5307367,68.68988
Egress,Walk and Read,50,30,35.86981,1.39393,17.9926,0.4926954,74.39724
Egress,Walk and Read,50,30,37.87,1.320307,17.56728,0.464925,75.41848
Egress,Walk and Read,50,40,38.85166,1.286946,18.33325,0.4918073,73.47147
Egress,Walk and Read,50,40,31.20587,1.602263,17.87508,0.5309201,69.72063
Egress,Walk and Read,50,40,32.40242,1.543095,17.70635,0.5116134,70.08778
Egress,Walk and Read,50,40,33.42657,1.495816,16.76212,0.4899958,68.64078
Egress,Walk and Read,50,40,33.09625,1.510745,17.2523,0.4803854,71.1408
Egress,Walk and Read,50,40,33.54286,1.49063,17.68736,0.5139435,70.20468
Egress,Walk and Read,50,40,33.24353,1.504052,17.77792,0.5183316,69.97646
Egress,Walk and Read,50,40,34.01346,1.470006,18.16187,0.5217372,72.69372
Egress,Walk and Read,50,40,30.88715,1.618796,17.5535,0.5160401,69.00309
Egress,Walk and Read,50,40,32.25137,1.550322,18.11567,0.4952263,72.40044
Egress,Walk and Read,50,40,29.76761,1.679678,17.88091,0.5464907,68.18748
Egress,Walk and Read,50,40,35.59213,1.404805,17.81763,0.4968504,72.30213
Egress,Walk and Read,50,40,32.17767,1.553872,17.38531,0.5032536,68.81769
Egress,Walk and Read,50,40,32.4021,1.54311,17.54905,0.4832579,70.91975
Egress,Walk and Read,50,40,30.81412,1.622633,17.48799,0.5021061,67.37369
Egress,Walk and Read,50,40,34.11478,1.465641,17.83818,0.4913266,70.62025
Egress,Walk and Read,50,40,32.61005,1.53327,17.98575,0.5036069,71.09593
Egress,Walk and Read,50,40,30.34204,1.647879,17.72634,0.5202519,68.15273
Egress,Walk and Read,50,40,35.39685,1.412555,18.51694,0.4954281,75.16811
Egress,Walk and Read,50,40,34.3916,1.453843,18.4473,0.4918566,74.08992
Egress,Walk and Read,50,50,36.99996,1.351353,17.7344,0.4962443,68.81583
Egress,Walk and Read,50,50,31.3469,1.595054,18.02403,0.4894066,70.63796
Egress,Walk and Read,50,50,29.74531,1.680937,17.91117,0.5405858,68.10121
Egress,Walk and Read,50,50,31.22456,1.601304,17.66653,0.4921101,68.10379
Egress,Walk and Read,50,50,31.5919,1.582684,18.12917,0.5174133,70.11182
Egress,Walk and Read,50,50,30.64615,1.631526,18.27285,0.541527,69.76
Egress,Walk and Read,50,50,31.70587,1.576995,17.1024,0.4861826,68.02428
Egress,Walk and Read,50,50,30.32251,1.64894,17.55925,0.5288225,67.62957
Egress,Walk and Read,50,50,30.80627,1.623046,17.9397,0.5265542,68.63838
Egress,Walk and Read,50,50,32.37427,1.544436,18.1105,0.5054972,70.74653
Egress,Walk and Read,50,50,31.82376,1.571153,17.79538,0.5171806,69.45579
Egress,Walk and Read,50,50,29.69086,1.68402,18.06013,0.5299566,68.2412
Egress,Walk and Read,50,50,30.63345,1.632203,18.19263,0.5255444,69.51148
Egress,Walk and Read,50,50,29.8259,1.676396,17.77242,0.5287139,67.48229
Egress,Walk and Read,50,50,30.70557,1.628369,17.71551,0.5165996,68.50504
Egress,Walk and Read,50,50,30.15906,1.657877,17.87126,0.5275819,68.32542
Egress,Walk and Read,50,50,30.70099,1.628612,18.28204,0.5316787,70.00411
Egress,Walk and Read,50,50,33.81323,1.478711,18.12743,0.4892044,71.65781
Egress,Walk and Read,50,50,32.51007,1.537985,17.68818,0.4983987,70.26699
Egress,Walk and Read,50,50,31.85205,1.569758,18.16269,0.4998673,70.92246
Crossing Groups,No distraction,50,0,25.33701,1.973398,19.22312,0.728062,67.79293
Crossing Groups,No distraction,50,0,19.08877,2.619341,19.40127,0.7644985,67.81682
Crossing Groups,No distraction,50,0,18.87831,2.648543,19.12265,0.776347,66.5513
Crossing Groups,No distraction,50,0,19.7361,2.533428,19.40206,0.7277457,68.05741
Crossing Groups,No distraction,50,0,18.80061,2.659488,18.99725,0.7408087,66.29376
Crossing Groups,No distraction,50,0,19.16735,2.608603,19.35926,0.7411184,67.16679
Crossing Groups,No distraction,50,0,19.08401,2.619995,19.31797,0.7470824,67.39436
Crossing Groups,No distraction,50,0,19.07866,2.620729,19.07408,0.7460982,66.48564
Crossing Groups,No distraction,50,0,18.90247,2.645158,19.45592,0.7641492,68.19833
Crossing Groups,No distraction,50,0,18.99869,2.631761,19.26443,0.7648822,66.96886
Crossing Groups,No distraction,50,0,20.53622,2.434722,19.40212,0.7512947,68.44736
Crossing Groups,No distraction,50,0,18.68474,2.675981,19.21755,0.7803385,67.32338
Crossing Groups,No distraction,50,0,18.78697,2.661419,19.32079,0.793108,67.64808
Crossing Groups,No distraction,50,0,18.97572,2.634946,19.12712,0.7650353,66.76119
Crossing Groups,No distraction,50,0,20.1687,2.479089,19.06652,0.7366827,67.85173
Crossing Groups,No distraction,50,0,18.70486,2.673101,19.1387,0.7848998,66.66135
Crossing Groups,No distraction,50,0,18.78098,2.662269,19.32223,0.7923926,67.72973
Crossing Groups,No distraction,50,0,19.39563,2.5779,19.19973,0.7700868,67.69827
Crossing Groups,No distraction,50,0,20.44418,2.445683,19.34735,0.7497877,68.15012
Crossing Groups,No distraction,50,0,19.06723,2.6223,19.26762,0.7741334,67.43245
Crossing Groups,Walk and Text,50,1,24.72899,2.021918,19.42927,0.7445216,67.15574
Crossing Groups,Walk and Text,50,1,21.03285,2.377233,19.24281,0.7375804,67.77805
Crossing Groups,Walk and Text,50,1,21.31863,2.345366,19.17044,0.7425783,67.3303
Crossing Groups,Walk and Text,50,1,19.18165,2.606658,19.36573,0.7486213,67.76659
Crossing Groups,Walk and Text,50,1,19.6688,2.542097,19.21645,0.7273605,67.78165
Crossing Groups,Walk and Text,50,1,20.25463,2.468571,19.25208,0.72608,67.71304
Crossing Groups,Walk and Text,50,1,19.51337,2.562345,19.59682,0.7501882,68.64754
Crossing Groups,Walk and Text,50,1,20.97226,2.384102,19.21127,0.7695813,67.37983
Crossing Groups,Walk and Text,50,1,21.40866,2.335503,19.18813,0.7005357,67.79585
Crossing Groups,Walk and Text,50,1,21.06721,2.373356,19.4795,0.778038,68.05456
Crossing Groups,Walk and Text,50,1,19.04318,2.625612,19.1455,0.7473535,67.12865
Crossing Groups,Walk and Text,50,1,22.11198,2.261217,19.28471,0.7470997,67.86536
Crossing Groups,Walk and Text,50,1,19.29134,2.591837,19.04283,0.7553598,66.78777
Crossing Groups,Walk and Text,50,1,21.37469,2.339215,19.46807,0.7612237,68.27445
Crossing Groups,Walk and Text,50,1,19.8465,2.519336,19.40971,0.7667578,67.92208
Crossing Groups,Walk and Text,50,1,20.12558,2.484401,18.92922,0.6968998,67.33881
Crossing Groups,Walk and Text,50,1,20.69766,2.415732,19.18037,0.7517118,66.72755
Crossing Groups,Walk and Text,50,1,20.66504,2.419545,18.94273,0.6782866,67.85741
Crossing Groups,Walk and Text,50,1,19.09003,2.619169,19.31973,0.7629694,67.58157
Crossing Groups,Walk and Text,50,1,19.75644,2.53082,19.1922,0.7562776,67.40511
Crossing Groups,Walk and Text,50,2,28.41356,1.759723,19.03153,0.7007056,67.18867
Crossing Groups,Walk and Text,50,2,21.52259,2.323141,19.23707,0.758739,67.62349
Crossing Groups,Walk and Text,50,2,20.03094,2.496138,19.40231,0.727181,68.18829
Crossing Groups,Walk and Text,50,2,22.61808,2.210621,19.44982,0.689337,69.78806
Crossing Groups,Walk and Text,50,2,19.67796,2.540913,19.18503,0.7442117,67.46611
Crossing Groups,Walk and Text,50,2,21.88503,2.284667,19.09584,0.7359927,67.1936
Crossing Groups,Walk and Text,50,2,21.62614,2.312016,19.1392,0.7399005,67.34518
Crossing Groups,Walk and Text,50,2,21.65146,2.309313,19.2928,0.7184279,68.24673
Crossing Groups,Walk and Text,50,2,20.32857,2.459593,19.22714,0.7154107,67.78571
Crossing Groups,Walk and Text,50,2,22.76921,2.195948,19.29538,0.7412649,67.44849
Crossing Groups,Walk and Text,50,2,22.80913,2.192105,18.93906,0.7268595,66.09141
Crossing Groups,Walk and Text,50,2,21.42432,2.333797,19.3351,0.7110327,67.9344
Crossing Groups,Walk and Text,50,2,22.134,2.258968,19.43096,0.7077686,67.81245
Crossing Groups,Walk and Text,50,2,21.66629,2.307732,19.06845,0.7376511,67.38922
Crossing Groups,Walk and Text,50,2,19.78674,2.526944,19.23428,0.7025169,68.23409
Crossing Groups,Walk and Text,50,2,21.76239,2.297542,19.26735,0.7410641,67.80905
Crossing Groups,Walk and Text,50,2,21.00937,2.379891,19.58841,0.7099193,69.23508
Crossing Groups,Walk and Text,50,2,22.38525,2.233613,19.37803,0.7665407,67.92289
Crossing Groups,Walk and Text,50,2,21.15436,2.363579,19.21756,0.7093744,67.81924
Crossing Groups,Walk and Text,50,2,22.0408,2.26852,19.32417,0.7092232,68.44862
Crossing Groups,Walk and Text,50,5,26.00097,1.923005,19.41285,0.6981733,68.49152
Crossing Groups,Walk and Text,50,5,24.05544,2.078532,19.30811,0.6467485,69.98203
Crossing Groups,Walk and Text,50,5,25.5052,1.960384,19.64778,0.6461427,71.38441
Crossing Groups,Walk and Text,50,5,22.44426,2.227741,19.14148,0.643412,69.09512
Crossing Groups,Walk and Text,50,5,23.42429,2.134536,19.33933,0.7063277,68.31435
Crossing Groups,Walk and Text,50,5,26.25912,1.904101,19.55351,0.5882284,73.15939
Crossing Groups,Walk and Text,50,5,22.6091,2.211499,19.3032,0.6151645,70.82918
Crossing Groups,Walk and Text,50,5,24.17763,2.068027,19.58969,0.6708175,69.80339
Crossing Groups,Walk and Text,50,5,20.59824,2.427392,18.93546,0.6688088,67.54819
Crossing Groups,Walk and Text,50,5,23.04337,2.169822,19.3667,0.6734924,69.12136
Crossing Groups,Walk and Text,50,5,22.06531,2.266001,19.35753,0.7197044,68.26106
Crossing Groups,Walk and Text,50,5,21.71274,2.302796,19.22146,0.6733465,68.46303
Crossing Groups,Walk and Text,50,5,22.7291,2.199824,19.2163,0.744927,67.63905
Crossing Groups,Walk and Text,50,5,22.42017,2.230135,18.99899,0.6811494,67.8984
Crossing Groups,Walk and Text,50,5,23.30682,2.145294,19.28895,0.6770701,68.43372
Crossing Groups,Walk and Text,50,5,22.2254,2.249678,19.32815,0.6678554,69.01984
Crossing Groups,Walk and Text,50,5,24.84207,2.012715,19.15496,0.6458492,69.54675
Crossing Groups,Walk and Text,50,5,25.45844,1.963986,19.29171,0.6271238,70.406
Crossing Groups,Walk and Text,50,5,21.81592,2.291904,19.37313,0.6624385,68.95144
Crossing Groups,Walk and Text,50,5,28.0387,1.78325,19.39116,0.6241276,71.18695
Crossing Groups,Walk and Text,50,10,29.65444,1.686088,19.17367,0.6270911,68.29987
Crossing Groups,Walk and Text,50,10,27.99578,1.785983,19.2178,0.5565113,72.99418
Crossing Groups,Walk and Text,50,10,22.91297,2.18217,19.35108,0.6268664,70.03422
Crossing Groups,Walk and Text,50,10,28.39038,1.76116,19.33397,0.5062407,77.18642
Crossing Groups,Walk and Text,50,10,27.68706,1.805898,19.41876,0.6189684,70.90447
Crossing Groups,Walk and Text,50,10,27.76811,1.800627,19.46455,0.5415827,74.59423
Crossing Groups,Walk and Text,50,10,26.35767,1.896981,19.45102,0.5707936,73.2019
Crossing Groups,Walk and Text,50,10,26.13647,1.913035,19.39775,0.5617839,72.47854
Crossing Groups,Walk and Text,50,10,26.51718,1.88557,19.42616,0.6035331,70.85666
Crossing Groups,Walk and Text,50,10,22.84752,2.188421,19.33943,0.6554551,68.79623
Crossing Groups,Walk and Text,50,10,26.39398,1.894371,19.06906,0.5968382,69.99139
Crossing Groups,Walk and Text,50,10,28.14822,1.776311,19.63764,0.5606233,74.76627
Crossing Groups,Walk and Text,50,10,24.13086,2.072036,19.29251,0.6104881,70.41503
Crossing Groups,Walk and Text,50,10,31.50003,1.5873,19.71081,0.462977,81.85117
Crossing Groups,Walk and Text,50,10,23.78003,2.102605,19.41889,0.610255,70.48848
Crossing Groups,Walk and Text,50,10,23.43451,2.133605,19.34289,0.6200194,70.14204
Crossing Groups,Walk and Text,50,10,23.7532,2.104979,19.48614,0.6171046,70.77331
Crossing Groups,Walk and Text,50,10,26.92648,1.856908,19.49904,0.6453266,70.13311
Crossing Groups,Walk and Text,50,10,25.79391,1.938442,19.57182,0.6527532,69.71949
Crossing Groups,Walk and Text,50,10,25.11496,1.990845,19.26651,0.5740742,71.83241
Crossing Groups,Walk and Text,50,20,32.02976,1.561048,19.55309,0.535375,72.48211
Crossing Groups,Walk and Text,50,20,30.54694,1.636825,19.63009,0.4846569,78.22311
Crossing Groups,Walk and Text,50,20,27.78188,1.799734,19.39932,0.5387721,72.99207
Crossing Groups,Walk and Text,50,20,43.79101,1.141787,19.98258,0.4165206,89.12505
Crossing Groups,Walk and Text,50,20,38.30891,1.305179,19.91849,0.4464318,85.53157
Crossing Groups,Walk and Text,50,20,35.02258,1.42765,19.70837,0.4707695,80.62476
Crossing Groups,Walk and Text,50,20,29.47018,1.69663,19.45149,0.5358477,74.0407
Crossing Groups,Walk and Text,50,20,25.68857,1.946391,19.54887,0.5272903,73.79932
Crossing Groups,Walk and Text,50,20,29.69122,1.683999,19.44635,0.5111796,76.09118
Crossing Groups,Walk and Text,50,20,28.41086,1.759891,19.40223,0.5569163,73.82805
Crossing Groups,Walk and Text,50,20,27.06979,1.847077,19.47107,0.5387673,73.13582
Crossing Groups,Walk and Text,50,20,26.48206,1.888071,19.34215,0.5761263,72.14065
Crossing Groups,Walk and Text,50,20,30.83215,1.621684,19.40758,0.5079877,75.7915
Crossing Groups,Walk and Text,50,20,29.56052,1.691445,19.5162,0.5064558,75.41126
Crossing Groups,Walk and Text,50,20,28.21725,1.771965,19.32679,0.5097759,75.34843
Crossing Groups,Walk and Text,50,20,36.29919,1.377441,19.70447,0.4819605,82.08894
Crossing Groups,Walk and Text,50,20,28.40942,1.759979,19.30558,0.5211473,74.52165
Crossing Groups,Walk and Text,50,20,27.40271,1.824637,19.32129,0.5041656,74.55621
Crossing Groups,Walk and Text,50,20,24.15204,2.070219,19.49667,0.5487472,71.92725
Crossing Groups,Walk and Text,50,20,29.31476,1.705626,19.54468,0.5653008,73.11823
Crossing Groups,Walk and Text,50,30,38.01549,1.315253,19.94678,0.4341366,80.60606
Crossing Groups,Walk and Text,50,30,39.3076,1.272019,19.81252,0.4379534,84.5014
Crossing Groups,Walk and Text,50,30,28.9231,1.728722,19.63554,0.450455,78.72226
Crossing Groups,Walk and Text,50,30,33.42471,1.495899,19.51353,0.466044,77.49124
Crossing Groups,Walk and Text,50,30,29.87282,1.673762,19.52577,0.4751695,76.90291
Crossing Groups,Walk and Text,50,30,28.79701,1.736291,19.39645,0.5170246,72.3446
Crossing Groups,Walk and Text,50,30,29.15529,1.714955,19.42244,0.4666814,76.74682
Crossing Groups,Walk and Text,50,30,30.18974,1.656192,19.78258,0.4725653,76.97947
Crossing Groups,Walk and Text,50,30,35.04913,1.426569,20.19546,0.4360374,84.13508
Crossing Groups,Walk and Text,50,30,35.09891,1.424546,19.57629,0.4552359,81.60002
Crossing Groups,Walk and Text,50,30,31.8064,1.572011,19.52663,0.4609586,77.91727
Crossing Groups,Walk and Text,50,30,33.7558,1.481227,19.52471,0.4639931,78.60229
Crossing Groups,Walk and Text,50,30,32.61743,1.532923,19.67,0.4461416,81.07739
Crossing Groups,Walk and Text,50,30,27.78149,1.799759,19.52303,0.4721842,76.69619
Crossing Groups,Walk and Text,50,30,33.91977,1.474067,19.75531,0.4299739,81.55375
Crossing Groups,Walk and Text,50,30,33.36264,1.498682,19.6146,0.403845,84.96844
Crossing Groups,Walk and Text,50,30,31.98547,1.56321,19.62089,0.4683295,77.18196
Crossing Groups,Walk and Text,50,30,29.59509,1.689469,19.59005,0.4937071,75.8511
Crossing Groups,Walk and Text,50,30,34.52051,1.448414,19.62098,0.4403603,81.25576
Crossing Groups,Walk and Text,50,30,31.0528,1.610161,19.69906,0.4306463,81.53551
Crossing Groups,Walk and Text,50,40,38.13544,1.311116,19.79969,0.4124649,82.07076
Crossing Groups,Walk and Text,50,40,33.63227,1.486667,20.00898,0.4130628,83.83502
Crossing Groups,Walk and Text,50,40,31.36559,1.594103,19.828,0.4372312,78.44817
Crossing Groups,Walk and Text,50,40,38.71446,1.291507,19.9708,0.4026506,85.8853
Crossing Groups,Walk and Text,50,40,32.20306,1.552647,20.03529,0.4227605,81.24983
Crossing Groups,Walk and Text,50,40,30.2204,1.654512,19.79302,0.4464552,78.51134
Crossing Groups,Walk and Text,50,40,31.60622,1.581967,19.879,0.4411738,78.91582
Crossing Groups,Walk and Text,50,40,27.5195,1.816893,19.73084,0.4886359,76.20943
Crossing Groups,Walk and Text,50,40,36.72498,1.361471,20.06317,0.4113939,85.03541
Crossing Groups,Walk and Text,50,40,30.18762,1.656308,19.57236,0.460321,76.3781
Crossing Groups,Walk and Text,50,40,33.03214,1.513677,19.93028,0.4395062,81.00928
Crossing Groups,Walk and Text,50,40,38.38876,1.302464,20.39317,0.3915122,89.59712
Crossing Groups,Walk and Text,50,40,34.01086,1.470119,19.74685,0.4299728,80.06104
Crossing Groups,Walk and Text,50,40,34.0181,1.469806,20.23889,0.4225829,83.59489
Crossing Groups,Walk and Text,50,40,32.77945,1.525346,19.67412,0.4539835,78.44019
Crossing Groups,Walk and Text,50,40,37.72159,1.325501,19.98829,0.3753984,89.53759
Crossing Groups,Walk and Text,50,40,32.69501,1.529285,19.86502,0.4438014,79.3418
Crossing Groups,Walk and Text,50,40,29.41937,1.69956,19.81252,0.4536602,77.2681
Crossing Groups,Walk and Text,50,40,29.20526,1.71202,19.72167,0.4589076,77.96194
Crossing Groups,Walk and Text,50,40,35.83966,1.395103,19.77707,0.3980507,84.15036
Crossing Groups,Walk and Text,50,50,36.32646,1.376407,19.78384,0.4225873,78.65008
Crossing Groups,Walk and Text,50,50,36.35729,1.37524,20.13195,0.3669582,88.93624
Crossing Groups,Walk and Text,50,50,32.96566,1.51673,19.97703,0.4198709,80.92216
Crossing Groups,Walk and Text,50,50,39.80747,1.256046,19.95673,0.3604009,90.56343
Crossing Groups,Walk and Text,50,50,33.03549,1.513524,19.7376,0.4193949,80.48419
Crossing Groups,Walk and Text,50,50,34.46768,1.450634,20.01654,0.4171926,81.81374
Crossing Groups,Walk and Text,50,50,36.87823,1.355813,19.82153,0.3869106,85.02828
Crossing Groups,Walk and Text,50,50,38.24069,1.307508,19.97169,0.3735248,87.96826
Crossing Groups,Walk and Text,50,50,35.04803,1.426614,19.90482,0.3862735,85.33099
Crossing Groups,Walk and Text,50,50,45.34363,1.102691,20.12723,0.319263,98.47974
Crossing Groups,Walk and Text,50,50,30.12482,1.659761,19.93283,0.4336701,79.07848
Crossing Groups,Walk and Text,50,50,31.97958,1.563498,19.53369,0.4019309,80.67851
Crossing Groups,Walk and Text,50,50,35.83871,1.395139,20.35034,0.4120443,83.88452
Crossing Groups,Walk and Text,50,50,39.06845,1.279805,20.30045,0.3663195,90.23368
Crossing Groups,Walk and Text,50,50,34.30386,1.457562,19.77869,0.4047017,83.20013
Crossing Groups,Walk and Text,50,50,42.47119,1.177269,19.77981,0.3341214,95.62198
Crossing Groups,Walk and Text,50,50,42.65424,1.172217,20.41086,0.3413001,94.67287
Crossing Groups,Walk and Text,50,50,45.00726,1.110932,20.243,0.3628561,91.86774
Crossing Groups,Walk and Text,50,50,40.42871,1.236745,20.32536,0.3622284,91.16965
Crossing Groups,Walk and Text,50,50,36.55414,1.367834,19.9472,0.4145847,82.72859
Crossing Groups,Walk and Talk,50,1,24.3725,2.051492,19.80089,0.7508856,69.44726
Crossing Groups,Walk and Talk,50,1,19.15345,2.610495,19.24566,0.7380301,67.75566
Crossing Groups,Walk and Talk,50,1,20.52233,2.43637,19.31159,0.725987,68.20823
Crossing Groups,Walk and Talk,50,1,20.84225,2.398973,19.42992,0.7617372,67.62278
Crossing Groups,Walk and Talk,50,1,20.9698,2.384382,19.19241,0.7753778,67.15838
Crossing Groups,Walk and Talk,50,1,21.26369,2.351427,19.02568,0.7464012,66.68495
Crossing Groups,Walk and Talk,50,1,20.92555,2.389423,19.34692,0.7871652,67.70846
Crossing Groups,Walk and Talk,50,1,20.26198,2.467676,19.50926,0.7150662,69.12297
Crossing Groups,Walk and Talk,50,1,19.823,2.522323,19.18709,0.7296765,67.28633
Crossing Groups,Walk and Talk,50,1,18.7603,2.665203,19.22134,0.7746741,67.24599
Crossing Groups,Walk and Talk,50,1,20.98888,2.382214,19.03986,0.7625474,67.13197
Crossing Groups,Walk and Talk,50,1,21.15396,2.363624,19.38529,0.7387516,67.92407
Crossing Groups,Walk and Talk,50,1,19.10223,2.617495,19.16797,0.7488161,67.1771
Crossing Groups,Walk and Talk,50,1,19.13586,2.612895,19.40247,0.7546259,68.29812
Crossing Groups,Walk and Talk,50,1,22.15771,2.25655,18.99503,0.7388354,66.85208
Crossing Groups,Walk and Talk,50,1,19.92712,2.509143,18.82487,0.7556548,65.74972
Crossing Groups,Walk and Talk,50,1,20.18817,2.476698,19.66944,0.7724205,68.47275
Crossing Groups,Walk and Talk,50,1,18.96405,2.636568,19.31287,0.765556,67.49706
Crossing Groups,Walk and Talk,50,1,20.14929,2.481477,19.30638,0.7385144,68.00416
Crossing Groups,Walk and Talk,50,1,18.70987,2.672386,19.23375,0.7651102,67.29578
Crossing Groups,Walk and Talk,50,2,24.3308,2.055008,19.06554,0.7403717,66.11319
Crossing Groups,Walk and Talk,50,2,21.73723,2.300201,19.49194,0.7569301,68.54219
Crossing Groups,Walk and Talk,50,2,21.64133,2.310394,19.11854,0.7529898,66.95022
Crossing Groups,Walk and Talk,50,2,19.75982,2.530388,19.35978,0.7687975,67.72938
Crossing Groups,Walk and Talk,50,2,22.28774,2.243386,19.13458,0.7458711,67.16245
Crossing Groups,Walk and Talk,50,2,20.02296,2.497133,19.27719,0.7503328,67.29664
Crossing Groups,Walk and Talk,50,2,21.22617,2.355583,19.20068,0.7838797,67.35093
Crossing Groups,Walk and Talk,50,2,22.0248,2.270169,19.04435,0.7675571,66.65645
Crossing Groups,Walk and Talk,50,2,18.93048,2.641243,19.02876,0.757102,66.70019
Crossing Groups,Walk and Talk,50,2,19.60876,2.54988,19.1056,0.73832,66.74758
Crossing Groups,Walk and Talk,50,2,21.09312,2.370441,19.4454,0.7465399,68.22076
Crossing Groups,Walk and Talk,50,2,20.18277,2.477361,18.85111,0.7605212,66.14501
Crossing Groups,Walk and Talk,50,2,18.99074,2.632862,19.11192,0.7605809,66.73071
Crossing Groups,Walk and Talk,50,2,19.77942,2.52788,19.31162,0.768869,67.43238
Crossing Groups,Walk and Talk,50,2,23.34509,2.141778,19.34503,0.6863176,69.37513
Crossing Groups,Walk and Talk,50,2,19.18005,2.606875,19.0438,0.7465121,66.71579
Crossing Groups,Walk and Talk,50,2,19.50552,2.563376,19.26826,0.7510222,67.80698
Crossing Groups,Walk and Talk,50,2,19.42227,2.574364,19.19039,0.7622077,67.69567
Crossing Groups,Walk and Talk,50,2,19.76746,2.52941,19.37546,0.7411573,68.24699
Crossing Groups,Walk and Talk,50,2,20.22748,2.471885,19.22367,0.7669545,67.33138
Crossing Groups,Walk and Talk,50,5,25.35846,1.971728,19.25524,0.7218143,66.97996
Crossing Groups,Walk and Talk,50,5,21.71725,2.302318,19.22197,0.7542408,67.37674
Crossing Groups,Walk and Talk,50,5,21.95972,2.276896,19.172,0.7283519,67.48351
Crossing Groups,Walk and Talk,50,5,22.45737,2.226441,19.18479,0.7419398,67.19502
Crossing Groups,Walk and Talk,50,5,20.52113,2.436513,18.90239,0.7269179,66.5895
Crossing Groups,Walk and Talk,50,5,21.27748,2.349902,18.79392,0.7077869,66.33311
Crossing Groups,Walk and Talk,50,5,22.19029,2.253237,19.48672,0.7632058,68.07339
Crossing Groups,Walk and Talk,50,5,20.36223,2.455527,19.31155,0.7196214,67.95721
Crossing Groups,Walk and Talk,50,5,21.78558,2.295096,19.29974,0.7044298,68.11036
Crossing Groups,Walk and Talk,50,5,21.80537,2.293013,19.59013,0.7214653,68.66559
Crossing Groups,Walk and Talk,50,5,20.74165,2.410608,19.09569,0.7233496,67.33164
Crossing Groups,Walk and Talk,50,5,20.43951,2.446242,19.33445,0.7189443,67.93046
Crossing Groups,Walk and Talk,50,5,20.67532,2.418342,19.17616,0.70422,67.49488
Crossing Groups,Walk and Talk,50,5,22.73962,2.198805,19.2767,0.7380108,67.6161
Crossing Groups,Walk and Talk,50,5,21.89868,2.283242,19.11216,0.7085547,67.11136
Crossing Groups,Walk and Talk,50,5,20.1062,2.486795,19.48668,0.7065154,68.74084
Crossing Groups,Walk and Talk,50,5,22.63757,2.208717,19.08878,0.7311335,66.938
Crossing Groups,Walk and Talk,50,5,21.85416,2.287894,19.1004,0.7509532,66.96853
Crossing Groups,Walk and Talk,50,5,21.02551,2.378063,18.8373,0.7295633,66.13702
Crossing Groups,Walk and Talk,50,5,20.76025,2.408448,19.0735,0.7279366,66.95094
Crossing Groups,Walk and Talk,50,10,26.06068,1.918599,19.23575,0.6691684,66.94221
Crossing Groups,Walk and Talk,50,10,21.98733,2.274037,19.46815,0.6783559,68.83993
Crossing Groups,Walk and Talk,50,10,20.44898,2.44511,18.93416,0.6928315,66.82468
Crossing Groups,Walk and Talk,50,10,22.88079,2.185239,19.21606,0.6810509,67.90398
Crossing Groups,Walk and Talk,50,10,21.55808,2.319316,19.09735,0.6936171,67.60889
Crossing Groups,Walk and Talk,50,10,21.69976,2.304173,19.1831,0.6918268,68.11953
Crossing Groups,Walk and Talk,50,10,23.16183,2.158724,19.49968,0.6733194,69.56261
Crossing Groups,Walk and Talk,50,10,20.58012,2.429529,19.34475,0.7098416,68.1538
Crossing Groups,Walk and Talk,50,10,21.7374,2.300184,18.98918,0.6901486,67.19385
Crossing Groups,Walk and Talk,50,10,22.49532,2.222685,19.36962,0.6930434,69.06318
Crossing Groups,Walk and Talk,50,10,21.99117,2.27364,19.2149,0.701044,68.06152
Crossing Groups,Walk and Talk,50,10,22.43547,2.228614,19.37093,0.6826302,68.72717
Crossing Groups,Walk and Talk,50,10,23.04468,2.169698,19.31964,0.6218786,69.6844
Crossing Groups,Walk and Talk,50,10,21.74982,2.29887,19.25989,0.7217829,67.7976
Crossing Groups,Walk and Talk,50,10,22.0701,2.265509,19.40499,0.6911586,68.66502
Crossing Groups,Walk and Talk,50,10,22.39587,2.232554,19.30032,0.659726,69.08073
Crossing Groups,Walk and Talk,50,10,21.45135,2.330855,19.23967,0.711586,67.85668
Crossing Groups,Walk and Talk,50,10,21.3183,2.345403,19.61414,0.6983913,69.37102
Crossing Groups,Walk and Talk,50,10,21.89908,2.283201,19.27433,0.6997438,68.14272
Crossing Groups,Walk and Talk,50,10,22.94186,2.179422,19.32539,0.6708046,68.83864
Crossing Groups,Walk and Talk,50,20,27.75682,1.801359,19.27521,0.6361344,67.46625
Crossing Groups,Walk and Talk,50,20,22.187,2.253572,19.25202,0.6683725,68.1117
Crossing Groups,Walk and Talk,50,20,22.46583,2.225602,19.5126,0.6576923,69.43182
Crossing Groups,Walk and Talk,50,20,23.06136,2.168128,19.48547,0.6436818,69.24072
Crossing Groups,Walk and Talk,50,20,22.28995,2.243164,19.34115,0.6313504,68.84177
Crossing Groups,Walk and Talk,50,20,22.53756,2.218519,19.37417,0.6439574,68.73183
Crossing Groups,Walk and Talk,50,20,22.43669,2.228492,19.36301,0.639317,68.78201
Crossing Groups,Walk and Talk,50,20,22.15602,2.256723,19.16287,0.6258599,68.11343
Crossing Groups,Walk and Talk,50,20,22.26546,2.245631,19.26868,0.649077,68.01542
Crossing Groups,Walk and Talk,50,20,22.70897,2.201773,19.27445,0.6141971,69.13031
Crossing Groups,Walk and Talk,50,20,22.1917,2.253095,19.27195,0.6344686,68.78154
Crossing Groups,Walk and Talk,50,20,22.06471,2.266062,19.19265,0.6595731,68.05919
Crossing Groups,Walk and Talk,50,20,22.16281,2.256032,19.25357,0.6361473,68.31381
Crossing Groups,Walk and Talk,50,20,22.38177,2.23396,19.4295,0.668226,68.77538
Crossing Groups,Walk and Talk,50,20,26.82843,1.863695,19.33338,0.5899683,70.63097
Crossing Groups,Walk and Talk,50,20,22.33221,2.238918,19.20703,0.6433846,68.02347
Crossing Groups,Walk and Talk,50,20,22.13098,2.259276,19.4716,0.6114372,69.04263
Crossing Groups,Walk and Talk,50,20,23.18353,2.156703,19.1853,0.6294243,68.20761
Crossing Groups,Walk and Talk,50,20,22.4389,2.228273,19.17298,0.6304862,68.52545
Crossing Groups,Walk and Talk,50,20,22.5827,2.214084,19.25642,0.635642,68.34241
Crossing Groups,Walk and Talk,50,30,26.93259,1.856487,19.30279,0.5643055,68.16437
Crossing Groups,Walk and Talk,50,30,22.94884,2.178759,18.95379,0.5846351,67.82854
Crossing Groups,Walk and Talk,50,30,22.30225,2.241926,19.22154,0.5829732,68.54339
Crossing Groups,Walk and Talk,50,30,24.66013,2.027565,19.44378,0.5492396,70.94888
Crossing Groups,Walk and Talk,50,30,22.9882,2.175029,19.32821,0.5822328,69.23025
Crossing Groups,Walk and Talk,50,30,22.36797,2.23534,19.32893,0.6141481,68.53419
Crossing Groups,Walk and Talk,50,30,23.51712,2.126111,19.47724,0.5541069,69.71233
Crossing Groups,Walk and Talk,50,30,23.66977,2.112399,19.06658,0.562397,68.43361
Crossing Groups,Walk and Talk,50,30,23.32921,2.143236,19.30188,0.5897589,68.91235
Crossing Groups,Walk and Talk,50,30,23.40771,2.136048,19.19117,0.5993473,68.54799
Crossing Groups,Walk and Talk,50,30,23.41356,2.135515,19.53508,0.556907,69.78127
Crossing Groups,Walk and Talk,50,30,24.09894,2.07478,19.31712,0.5574976,69.85606
Crossing Groups,Walk and Talk,50,30,23.99234,2.083998,19.61222,0.5601649,70.36523
Crossing Groups,Walk and Talk,50,30,22.87964,2.185349,19.39323,0.5552882,69.49423
Crossing Groups,Walk and Talk,50,30,23.75888,2.104476,19.63516,0.5821634,70.5473
Crossing Groups,Walk and Talk,50,30,22.2348,2.248727,19.08707,0.5813394,68.10421
Crossing Groups,Walk and Talk,50,30,23.25018,2.150521,19.47284,0.5990864,69.04192
Crossing Groups,Walk and Talk,50,30,22.33112,2.239028,19.2604,0.6209965,68.21924
Crossing Groups,Walk and Talk,50,30,22.99866,2.17404,19.26343,0.5850071,68.76664
Crossing Groups,Walk and Talk,50,30,22.42902,2.229255,19.11634,0.579807,68.09446
Crossing Groups,Walk and Talk,50,40,27.94695,1.789104,19.42626,0.5135607,69.43855
Crossing Groups,Walk and Talk,50,40,23.04108,2.170037,19.01426,0.5642825,68.26695
Crossing Groups,Walk and Talk,50,40,23.65934,2.11333,19.11325,0.5137909,69.62229
Crossing Groups,Walk and Talk,50,40,23.58182,2.120278,19.26113,0.5416154,69.26942
Crossing Groups,Walk and Talk,50,40,26.26958,1.903342,19.66353,0.5309433,71.98418
Crossing Groups,Walk and Talk,50,40,22.6765,2.204926,19.39615,0.5519136,69.84273
Crossing Groups,Walk and Talk,50,40,22.68866,2.203744,19.11586,0.5385236,68.65492
Crossing Groups,Walk and Talk,50,40,24.79927,2.016188,19.56306,0.5087534,71.94815
Crossing Groups,Walk and Talk,50,40,23.58838,2.119688,19.30015,0.5382863,69.49068
Crossing Groups,Walk and Talk,50,40,23.79216,2.101533,19.40302,0.5341254,69.93581
Crossing Groups,Walk and Talk,50,40,25.08583,1.993157,19.35552,0.5245305,70.51157
Crossing Groups,Walk and Talk,50,40,22.79639,2.19333,19.43854,0.5671496,69.35188
Crossing Groups,Walk and Talk,50,40,22.67911,2.204672,19.12351,0.5484961,68.80064
Crossing Groups,Walk and Talk,50,40,22.46591,2.225594,19.02244,0.5407977,68.48723
Crossing Groups,Walk and Talk,50,40,23.1741,2.157581,19.51111,0.5375097,70.33453
Crossing Groups,Walk and Talk,50,40,23.16226,2.158684,19.12766,0.5399905,69.25681
Crossing Groups,Walk and Talk,50,40,23.25497,2.150078,19.34371,0.5406538,69.56307
Crossing Groups,Walk and Talk,50,40,23.48303,2.129197,19.43367,0.5495988,70.0881
Crossing Groups,Walk and Talk,50,40,24.05231,2.078803,19.57777,0.5271977,70.73536
Crossing Groups,Walk and Talk,50,40,22.75259,2.197552,19.39579,0.5566077,69.22907
Crossing Groups,Walk and Talk,50,50,26.9804,1.853197,19.4069,0.5226486,68.95193
Crossing Groups,Walk and Talk,50,50,23.86777,2.094875,19.02939,0.5123099,68.48625
Crossing Groups,Walk and Talk,50,50,23.81564,2.09946,19.16568,0.5086033,69.43722
Crossing Groups,Walk and Talk,50,50,24.54528,2.037051,19.45758,0.491533,70.98549
Crossing Groups,Walk and Talk,50,50,23.45219,2.131997,19.10122,0.515319,68.84605
Crossing Groups,Walk and Talk,50,50,23.58234,2.120231,19.47091,0.5107222,70.23684
Crossing Groups,Walk and Talk,50,50,24.13274,2.071874,19.13771,0.4987623,69.68739
Crossing Groups,Walk and Talk,50,50,24.52518,2.038721,19.205,0.4775437,70.33281
Crossing Groups,Walk and Talk,50,50,24.9285,2.005737,19.2578,0.4871753,70.472
Crossing Groups,Walk and Talk,50,50,23.84949,2.096481,19.39893,0.4992845,70.29902
Crossing Groups,Walk and Talk,50,50,23.99596,2.083684,19.16474,0.496407,69.80602
Crossing Groups,Walk and Talk,50,50,23.94205,2.088376,19.25582,0.4824264,70.41029
Crossing Groups,Walk and Talk,50,50,25.18839,1.985042,18.99592,0.4603727,71.00142
Crossing Groups,Walk and Talk,50,50,23.67148,2.112247,19.0567,0.5176555,68.94267
Crossing Groups,Walk and Talk,50,50,23.14706,2.160101,19.09602,0.5114681,68.98441
Crossing Groups,Walk and Talk,50,50,24.70349,2.024005,19.23374,0.4989007,69.78063
Crossing Groups,Walk and Talk,50,50,24.17178,2.068527,19.29573,0.4892277,70.35621
Crossing Groups,Walk and Talk,50,50,23.82639,2.098514,19.31779,0.496392,70.1625
Crossing Groups,Walk and Talk,50,50,23.36871,2.139613,19.23624,0.5197568,69.54471
Crossing Groups,Walk and Talk,50,50,23.7551,2.104811,19.04315,0.4926972,69.22192
Crossing Groups,Walk and Read,50,1,23.97382,2.085608,19.27055,0.7544529,67.3394
Crossing Groups,Walk and Read,50,1,19.15722,2.609981,19.1989,0.765165,67.51404
Crossing Groups,Walk and Read,50,1,19.63609,2.546332,18.95422,0.7527797,66.59674
Crossing Groups,Walk and Read,50,1,20.91338,2.390814,19.50523,0.7403905,68.64177
Crossing Groups,Walk and Read,50,1,19.78974,2.526561,18.97375,0.7519499,66.78671
Crossing Groups,Walk and Read,50,1,18.74718,2.667067,19.42411,0.7955445,68.00043
Crossing Groups,Walk and Read,50,1,20.37424,2.45408,19.08944,0.7481875,67.24045
Crossing Groups,Walk and Read,50,1,19.97493,2.503138,19.27468,0.7577234,67.85471
Crossing Groups,Walk and Read,50,1,18.95642,2.637629,18.97895,0.7484486,66.78595
Crossing Groups,Walk and Read,50,1,19.30167,2.59045,19.28691,0.7725889,67.67255
Crossing Groups,Walk and Read,50,1,19.10818,2.61668,19.16412,0.7460011,66.9677
Crossing Groups,Walk and Read,50,1,19.45248,2.570366,19.21788,0.7802783,67.24148
Crossing Groups,Walk and Read,50,1,20.56096,2.431793,19.28703,0.7701457,67.39014
Crossing Groups,Walk and Read,50,1,19.97607,2.502994,19.13669,0.7242674,67.31115
Crossing Groups,Walk and Read,50,1,19.96378,2.504536,19.15907,0.7184741,67.69038
Crossing Groups,Walk and Read,50,1,18.66519,2.678783,19.28726,0.7769975,67.47906
Crossing Groups,Walk and Read,50,1,19.13229,2.613382,19.25186,0.7369916,67.76987
Crossing Groups,Walk and Read,50,1,20.14627,2.481849,19.25759,0.7650757,67.43285
Crossing Groups,Walk and Read,50,1,19.98032,2.502463,19.39029,0.7619228,67.83578
Crossing Groups,Walk and Read,50,1,19.95483,2.505659,19.13438,0.7200021,67.53824
Crossing Groups,Walk and Read,50,2,24.69338,2.024834,19.34199,0.7473626,67.13425
Crossing Groups,Walk and Read,50,2,19.75224,2.531359,18.96695,0.7079968,67.37537
Crossing Groups,Walk and Read,50,2,20.69958,2.415507,19.30719,0.7192132,68.79439
Crossing Groups,Walk and Read,50,2,19.60629,2.550203,19.20941,0.7512424,67.5081
Crossing Groups,Walk and Read,50,2,20.52068,2.436566,19.0979,0.7076669,67.74912
Crossing Groups,Walk and Read,50,2,21.42105,2.334152,19.35982,0.7404527,68.36944
Crossing Groups,Walk and Read,50,2,20.40231,2.450702,19.43765,0.7384994,68.54173
Crossing Groups,Walk and Read,50,2,21.9915,2.273606,18.98364,0.6840267,68.0446
Crossing Groups,Walk and Read,50,2,22.2728,2.244891,19.1792,0.7180934,68.23064
Crossing Groups,Walk and Read,50,2,20.19691,2.475626,19.13496,0.7371265,67.5947
Crossing Groups,Walk and Read,50,2,20.45546,2.444335,19.52519,0.7191266,69.00278
Crossing Groups,Walk and Read,50,2,19.81451,2.523403,19.11173,0.7218955,67.83556
Crossing Groups,Walk and Read,50,2,19.25146,2.597205,19.26296,0.7476406,67.76371
Crossing Groups,Walk and Read,50,2,19.33636,2.585801,19.18689,0.7603784,67.05853
Crossing Groups,Walk and Read,50,2,19.00983,2.630219,19.28154,0.7530513,67.88126
Crossing Groups,Walk and Read,50,2,19.14575,2.611545,19.22529,0.7496291,67.58105
Crossing Groups,Walk and Read,50,2,19.38651,2.579114,19.27022,0.7589955,67.54585
Crossing Groups,Walk and Read,50,2,20.20828,2.474233,19.16961,0.7366251,67.42284
Crossing Groups,Walk and Read,50,2,19.40985,2.576011,19.2474,0.7432582,67.70697
Crossing Groups,Walk and Read,50,2,19.1748,2.607589,19.46469,0.7618969,68.12428
Crossing Groups,Walk and Read,50,5,26.74151,1.869752,19.20647,0.7139475,67.27229
Crossing Groups,Walk and Read,50,5,24.68453,2.02556,19.18937,0.6365233,71.33806
Crossing Groups,Walk and Read,50,5,22.339,2.238238,19.23667,0.6772161,68.73035
Crossing Groups,Walk and Read,50,5,21.4086,2.33551,19.22262,0.7138362,68.18482
Crossing Groups,Walk and Read,50,5,21.95847,2.277025,19.37583,0.7194287,68.6519
Crossing Groups,Walk and Read,50,5,22.78538,2.19439,19.3271,0.6632199,69.77355
Crossing Groups,Walk and Read,50,5,20.48444,2.440877,19.42961,0.7229837,68.69382
Crossing Groups,Walk and Read,50,5,19.77899,2.527935,19.44935,0.7461306,68.44141
Crossing Groups,Walk and Read,50,5,21.94395,2.278532,19.1036,0.7062017,67.76466
Crossing Groups,Walk and Read,50,5,23.81483,2.099532,19.32971,0.6939769,69.40441
Crossing Groups,Walk and Read,50,5,23.01216,2.172764,19.47954,0.669073,70.92036
Crossing Groups,Walk and Read,50,5,21.04443,2.375925,19.30571,0.6794744,69.06367
Crossing Groups,Walk and Read,50,5,20.53583,2.434769,19.0823,0.7108753,68.20827
Crossing Groups,Walk and Read,50,5,21.89948,2.28316,19.19708,0.721454,68.49593
Crossing Groups,Walk and Read,50,5,24.07077,2.077208,19.43139,0.6641974,71.13145
Crossing Groups,Walk and Read,50,5,20.84265,2.398927,19.48053,0.7276114,68.78281
Crossing Groups,Walk and Read,50,5,21.23096,2.355052,19.57832,0.6791943,69.95978
Crossing Groups,Walk and Read,50,5,23.75922,2.104446,19.45086,0.6449394,71.4242
Crossing Groups,Walk and Read,50,5,22.40732,2.231414,19.38466,0.7223612,68.70634
Crossing Groups,Walk and Read,50,5,24.44568,2.045351,19.39578,0.6627573,71.64262
Crossing Groups,Walk and Read,50,10,29.02749,1.722505,19.36886,0.6228219,70.65791
Crossing Groups,Walk and Read,50,10,25.71721,1.944223,19.56243,0.5966668,74.05074
Crossing Groups,Walk and Read,50,10,20.56038,2.431862,19.43637,0.7056898,68.69733
Crossing Groups,Walk and Read,50,10,22.09781,2.262668,19.49264,0.7045915,69.068
Crossing Groups,Walk and Read,50,10,28.40391,1.760321,19.65713,0.5437495,77.43814
Crossing Groups,Walk and Read,50,10,23.91108,2.091081,19.12721,0.6231462,70.39884
Crossing Groups,Walk and Read,50,10,26.18109,1.909775,19.4363,0.6166393,72.75616
Crossing Groups,Walk and Read,50,10,24.00259,2.083108,19.3856,0.7072076,68.77483
Crossing Groups,Walk and Read,50,10,24.62396,2.030542,19.6041,0.6367827,72.12581
Crossing Groups,Walk and Read,50,10,21.57555,2.317438,19.34469,0.6659643,69.34657
Crossing Groups,Walk and Read,50,10,23.5896,2.119578,19.53646,0.6623631,70.58125
Crossing Groups,Walk and Read,50,10,25.32193,1.974573,19.53495,0.6597221,71.1431
Crossing Groups,Walk and Read,50,10,21.32437,2.344735,19.61747,0.7080517,69.34489
Crossing Groups,Walk and Read,50,10,27.3251,1.829819,19.23478,0.6766907,69.07533
Crossing Groups,Walk and Read,50,10,23.14526,2.160269,19.44992,0.6674889,70.30666
Crossing Groups,Walk and Read,50,10,26.80377,1.865409,19.32227,0.6606302,70.59099
Crossing Groups,Walk and Read,50,10,24.95587,2.003536,19.51949,0.6196053,71.62217
Crossing Groups,Walk and Read,50,10,23.77829,2.102758,19.44329,0.6257828,71.54067
Crossing Groups,Walk and Read,50,10,25.3934,1.969015,19.13771,0.6353086,70.67878
Crossing Groups,Walk and Read,50,10,23.67206,2.112195,19.37626,0.65136,71.21504
Crossing Groups,Walk and Read,50,20,31.16395,1.604418,19.62032,0.5738047,73.12612
Crossing Groups,Walk and Read,50,20,34.64384,1.443258,19.50797,0.531395,77.53569
Crossing Groups,Walk and Read,50,20,27.22744,1.836383,19.61619,0.5524265,74.30886
Crossing Groups,Walk and Read,50,20,27.44832,1.821605,19.35586,0.5620068,74.82642
Crossing Groups,Walk and Read,50,20,30.12408,1.659801,19.96422,0.5717327,76.59721
Crossing Groups,Walk and Read,50,20,23.19888,2.155276,19.47236,0.6460347,69.57565
Crossing Groups,Walk and Read,50,20,25.85172,1.934108,19.61026,0.5876973,72.72954
Crossing Groups,Walk and Read,50,20,30.54849,1.636742,19.52961,0.5293881,78.12229
Crossing Groups,Walk and Read,50,20,29.31198,1.705787,19.79813,0.5267529,79.06989
Crossing Groups,Walk and Read,50,20,25.3233,1.974466,19.84761,0.5862705,74.44157
Crossing Groups,Walk and Read,50,20,29.36447,1.702738,19.51465,0.574671,74.74635
Crossing Groups,Walk and Read,50,20,24.91019,2.007211,19.51442,0.575227,72.90625
Crossing Groups,Walk and Read,50,20,28.17053,1.774904,19.91908,0.5619434,75.83828
Crossing Groups,Walk and Read,50,20,24.5181,2.03931,19.54065,0.6054096,71.89864
Crossing Groups,Walk and Read,50,20,30.25418,1.652664,19.90984,0.5564776,75.82149
Crossing Groups,Walk and Read,50,20,25.58984,1.9539,19.87619,0.5456811,75.68307
Crossing Groups,Walk and Read,50,20,31.63449,1.580553,19.6531,0.4940615,79.25275
Crossing Groups,Walk and Read,50,20,28.29108,1.767342,19.75841,0.5938538,73.4547
Crossing Groups,Walk and Read,50,20,25.95508,1.926405,19.46251,0.6106061,71.78291
Crossing Groups,Walk and Read,50,20,27.35181,1.828033,19.70159,0.556688,74.61193
Crossing Groups,Walk and Read,50,30,32.37817,1.54425,19.95823,0.5264726,75.72959
Crossing Groups,Walk and Read,50,30,27.17338,1.840036,19.59232,0.5787835,73.11855
Crossing Groups,Walk and Read,50,30,27.70528,1.80471,19.66672,0.5382701,76.10435
Crossing Groups,Walk and Read,50,30,29.35167,1.703481,19.63208,0.529202,77.40855
Crossing Groups,Walk and Read,50,30,32.12119,1.556605,19.6947,0.4698853,81.49127
Crossing Groups,Walk and Read,50,30,23.99898,2.083422,19.48205,0.5763479,72.07217
Crossing Groups,Walk and Read,50,30,33.41856,1.496174,19.92659,0.4520906,84.27168
Crossing Groups,Walk and Read,50,30,27.14008,1.842294,19.8514,0.5459421,74.16517
Crossing Groups,Walk and Read,50,30,26.01239,1.922161,19.80025,0.5356421,75.91641
Crossing Groups,Walk and Read,50,30,27.04727,1.848615,19.91248,0.564311,74.03968
Crossing Groups,Walk and Read,50,30,29.80569,1.677532,20.14325,0.5073344,79.51514
Crossing Groups,Walk and Read,50,30,30.69766,1.628788,19.79311,0.5204847,77.63393
Crossing Groups,Walk and Read,50,30,25.39185,1.969136,19.46698,0.5395175,73.62376
Crossing Groups,Walk and Read,50,30,27.95557,1.788553,19.72253,0.558758,74.84362
Crossing Groups,Walk and Read,50,30,25.41873,1.967053,19.73458,0.577422,74.16837
Crossing Groups,Walk and Read,50,30,30.56927,1.635629,19.83083,0.5185504,78.33516
Crossing Groups,Walk and Read,50,30,27.39682,1.825029,19.5549,0.5817152,73.16068
Crossing Groups,Walk and Read,50,30,30.11185,1.660476,19.53325,0.5242294,75.98772
Crossing Groups,Walk and Read,50,30,25.80548,1.937573,19.41483,0.5672373,72.62874
Crossing Groups,Walk and Read,50,30,26.0321,1.920705,19.67271,0.5602849,73.8722
Crossing Groups,Walk and Read,50,40,31.44592,1.590032,19.88709,0.5326942,75.02256
Crossing Groups,Walk and Read,50,40,33.38042,1.497884,19.82581,0.4914359,80.29314
Crossing Groups,Walk and Read,50,40,32.1415,1.555621,19.67732,0.4956038,79.14869
Crossing Groups,Walk and Read,50,40,33.03005,1.513773,20.2527,0.4807917,80.94566
Crossing Groups,Walk and Read,50,40,26.05331,1.919142,19.67263,0.508573,75.99774
Crossing Groups,Walk and Read,50,40,30.13171,1.659381,20.11552,0.500437,80.44626
Crossing Groups,Walk and Read,50,40,26.95439,1.854985,19.80074,0.553274,74.89597
Crossing Groups,Walk and Read,50,40,30.12654,1.659666,19.86048,0.5098504,77.83443
Crossing Groups,Walk and Read,50,40,38.0907,1.312656,20.18557,0.4293223,89.81629
Crossing Groups,Walk and Read,50,40,30.55319,1.63649,19.97298,0.4905406,81.77266
Crossing Groups,Walk and Read,50,40,35.95734,1.390537,20.02267,0.4200149,89.43945
Crossing Groups,Walk and Read,50,40,32.14267,1.555565,19.56107,0.4923166,80.3795
Crossing Groups,Walk and Read,50,40,26.03055,1.92082,19.90773,0.543291,75.86585
Crossing Groups,Walk and Read,50,40,29.12427,1.716781,19.74975,0.5281794,76.63061
Crossing Groups,Walk and Read,50,40,29.64059,1.686876,19.65526,0.5198707,76.45337
Crossing Groups,Walk and Read,50,40,34.48758,1.449797,20.11965,0.4707128,82.88113
Crossing Groups,Walk and Read,50,40,27.06052,1.84771,19.58687,0.5693381,72.90668
Crossing Groups,Walk and Read,50,40,37.74042,1.32484,19.90972,0.4352523,88.34937
Crossing Groups,Walk and Read,50,40,36.0993,1.385068,20.11872,0.5037237,80.80376
Crossing Groups,Walk and Read,50,40,32.70746,1.528703,20.1797,0.5013992,82.02817
Crossing Groups,Walk and Read,50,50,37.30007,1.34048,19.92776,0.4786697,79.94211
Crossing Groups,Walk and Read,50,50,33.44113,1.495165,20.26119,0.4848123,82.92818
Crossing Groups,Walk and Read,50,50,37.45676,1.334873,20.4546,0.4324622,88.06497
Crossing Groups,Walk and Read,50,50,31.33868,1.595473,20.07101,0.5246474,77.99908
Crossing Groups,Walk and Read,50,50,38.21614,1.308348,20.26575,0.4631835,85.77324
Crossing Groups,Walk and Read,50,50,40.18254,1.244321,20.27977,0.3562746,98.88229
Crossing Groups,Walk and Read,50,50,29.20726,1.711903,20.18296,0.517338,78.24126
Crossing Groups,Walk and Read,50,50,38.06812,1.313435,20.18017,0.4630357,84.29908
Crossing Groups,Walk and Read,50,50,28.77036,1.7379,19.8911,0.4750552,81.08221
Crossing Groups,Walk and Read,50,50,33.13562,1.50895,20.08772,0.5003719,79.9549
Crossing Groups,Walk and Read,50,50,35.20074,1.420424,20.06857,0.4522694,84.48715
Crossing Groups,Walk and Read,50,50,38.77972,1.289334,20.08359,0.4478625,85.68568
Crossing Groups,Walk and Read,50,50,32.96341,1.516833,19.82182,0.5011492,79.97813
Crossing Groups,Walk and Read,50,50,29.37653,1.702039,19.90536,0.504022,78.63808
Crossing Groups,Walk and Read,50,50,27.29794,1.83164,19.73026,0.5591108,73.97997
Crossing Groups,Walk and Read,50,50,35.49838,1.408515,19.85559,0.4710359,81.39255
Crossing Groups,Walk and Read,50,50,32.96533,1.516745,19.99579,0.4941421,79.05876
Crossing Groups,Walk and Read,50,50,30.39124,1.645211,19.80098,0.5232522,76.69699
Crossing Groups,Walk and Read,50,50,34.42352,1.452495,20.30702,0.4428426,86.86053
Crossing Groups,Walk and Read,50,50,31.75964,1.574325,20.02931,0.467542,82.17767
